col1,col2
po0001810-0-0.jpg,丹頂　千歳鶴
po0000080-0-0.jpg,港まつり
po0000120-0-0.jpg,函館日日新聞社
po0000130-0-0.jpg,婦女界
po0000220-0-0.jpg,長編講談
po0000230-0-0.jpg,岩波講座　日本文学
po0000240-0-0.jpg,婦人世界
po0000250-0-0.jpg,少女の友
po0000260-0-0.jpg,日本少年
po0000290-0-0.jpg,さっぽろ
po0000300-0-0.jpg,岩橋英遠展
po0000330-0-0.jpg,松前
po0000340-0-0.jpg,松前
po0000380-0-0.jpg,恐山（国鉄周遊指定地）と薬研温泉
po0000390-0-0.jpg,松前
po0000490-0-0.jpg,松前
po0000500-0-0.jpg,松前
po0000510-0-0.jpg,松前
po0000520-0-0.jpg,松前
po0000530-0-0.jpg,オリンピック東京大会
po0000570-0-0.jpg,京都へ
po0000690-0-0.jpg,北海道立美術館　1971
po0000730-0-0.jpg,北海道立近代美術館
po0000740-0-0.jpg,北海道立三岸好太郎美術館
po0000760-0-0.jpg,フランス美術《栄光の300年》
po0000780-0-0.jpg,第9回国民体育大会
po0000860-0-0.jpg,たくぎんの1969年カレンダー
po0000890-0-0.jpg,第9回　国体ラグビー
po0000900-0-0.jpg,スキーと冬山の写真展
po0000910-0-0.jpg,第9回　国体卓球
po0000940-0-0.jpg,国体宝くじ
po0000950-0-0.jpg,暮らしの中に光を…貯蓄
po0000990-0-0.jpg,第17回函館山市民ハイキング大会
po0001060-0-0.jpg,謹告
po0001070-0-0.jpg,港まつり
po0001080-0-0.jpg,港まつり
po0001130-0-0.jpg,ペリー来航100年記念　港まつり
po0001160-0-0.jpg,中村善策展
po0001220-0-0.jpg,国画会　渋谷円吉油絵個展
po0001240-0-0.jpg,EXPO’70 日本万国博
po0001700-0-0.jpg,国策のグラフ　写真週報　国策のパンフレット　週報
po0001720-0-0.jpg,校註　日本文学大系校註　国歌大系近代　日本文学大系
po0001740-0-0.jpg,国策のグラフ　写真週報
po0001770-0-0.jpg,講談倶楽部新年号
po0001780-0-0.jpg,訳註　初等　英文世界名著全集　全十五巻
po0001880-0-0.jpg,民間放送20周年記念　民放のイメージを標語に
po0001920-0-0.jpg,みんなが貯蓄　住みよい社会
po0001930-0-0.jpg,お宅にも郵便受けを
po0001940-0-0.jpg,第2回市民劇場準特別公演
po0002030-0-0.jpg,世界の巨匠　葛飾北斎展
po0002040-0-0.jpg,貯蓄増強10月特別運動　明るい家庭　希望の夢は貯蓄から
po0002100-0-0.jpg,国民年金に加入しよう
po0002150-0-0.jpg,文芸春秋　文化講演会
po0002160-0-0.jpg,お子さまの夢を育てましょう
po0002180-0-0.jpg,第6回　北海道秀作美術展
po0002190-0-0.jpg,函館信用金庫　CALENDAR 1970
po0002210-0-0.jpg,’73　白楊祭
po0002270-0-0.jpg,第11回北海道人形劇フェスティバル
po0002340-0-0.jpg,うれしい便り大切な手紙みんな郵便受けで
po0002350-0-0.jpg,利子の引きあげ
po0002370-0-0.jpg,第9回海洋少年団北海道大会
po0002400-0-0.jpg,アポロのようにスピーディで確実な郵便のおとどけ郵便番号がそれをお約束します
po0002470-0-0.jpg,夏のレジャーは忍路へ
po0002560-0-0.jpg,宿泊施設ご案内
po0002580-0-0.jpg,さくらと史蹟の名所　松前
po0002620-0-0.jpg,きれいな海のきれいな魚
po0002650-0-0.jpg,近代詩歌展《その三》　明治・大正の詩人たち
po0002750-0-0.jpg,まりもを故郷え　代りに素晴らしい人造まりもが生れました
po0002760-0-0.jpg,マリモを大切に…
po0002770-0-0.jpg,The Tokyo Nichi=Nichi
po0002820-0-0.jpg,日清汽船株式会社
po0002840-0-0.jpg,足利本銘仙
po0002880-0-0.jpg,婦人公論　9月号
po0002950-0-0.jpg,ヴエス軍作画展
po0002960-0-0.jpg,ヘレンケラー女史大衆講演会
po0002970-0-0.jpg,天間正五朗　前田政雄　版画展
po0002980-0-0.jpg,岡田紅陽作品　四季の富士写真展覧会
po0002990-0-0.jpg,前田政雄個人版画展覧会
po0003000-0-0.jpg,第三回　彩人社洋画展
po0003060-0-0.jpg,第三回　函館市内中等学校　雄弁大会
po0003070-0-0.jpg,知学　田中巴之助先生特別大講演会
po0003080-0-0.jpg,日本聖公会組織四十年記念　基督教講演会
po0003100-0-0.jpg,医学智識普及後援会
po0003230-0-0.jpg,コドモの会
po0003240-0-0.jpg,塗料智識普及宣博
po0003310-0-0.jpg,五稜郭懐旧館は
po0003320-0-0.jpg,COMMERCIAL SHOW ROOM
po0003330-0-0.jpg,函館青森間貨車航送記念共進会
po0003340-0-0.jpg,福引
po0003350-0-0.jpg,北海道畜産産馬共進会
po0003370-0-0.jpg,岩手県物産共進会
po0003380-0-0.jpg,第十五回　全国特産品博覧会
po0003400-0-0.jpg,第十回全国特産品　博覧会開設
po0003410-0-0.jpg,教育博覧会
po0003420-0-0.jpg,御聖徳景仰　明治大帝御一代展覧会
po0003430-0-0.jpg,大名古屋土地博覧会
po0003440-0-0.jpg,国産振興　北海道拓殖博覧会
po0003470-0-0.jpg,函館商品陳列館
po0003500-0-0.jpg,奥羽六県連合馬匹共進会
po0003510-0-0.jpg,全国優良土産品及包装紙展覧会
po0003520-0-0.jpg,メートルとサイズ展覧会
po0003530-0-0.jpg,国防と産業大博覧会
po0003560-0-0.jpg,満蒙資源館
po0003570-0-0.jpg,紀元二千六百年記念　昭和十五年開催　日本万国博覧会
po0003580-0-0.jpg,日満産業大博覧会
po0003590-0-0.jpg,北海道大博覧会
po0003600-0-0.jpg,名古屋汎太平洋平和博覧会
po0003620-0-0.jpg,御大典奉祝名古屋博覧会
po0003640-0-0.jpg,全国観光地土産品展示会・全国水産製品展示会
po0003650-0-0.jpg,全国特産品博覧会
po0003660-0-0.jpg,躍進日本大博覧会
po0003720-0-0.jpg,意匠商標品展覧会
po0003740-0-0.jpg,防空展覧会
po0003750-0-0.jpg,第八回　商工省輸出品包装展覧会
po0003760-0-0.jpg,聖保禄高女バザー
po0003810-0-0.jpg,第一回函館特産品展覧会
po0004010-0-0.jpg,第四回北海全道家禽共進会
po0004250-0-0.jpg,第十一回函館没馬能力共進会
po0004300-0-0.jpg,埼玉甘藷
po0005160-0-0.jpg,レート
po0005270-0-0.jpg,アセモ・タダレの最新薬　シッカロール
po0005340-0-0.jpg,大津屋　太平商店
po0006970-0-0.jpg,郵便壁新聞
po0007180-0-0.jpg,郵便壁新聞特集号
po0007390-0-0.jpg,北海道百年記念＝作文・論文の募集
po0007760-0-0.jpg,フレッシュ絹上布
po0007770-0-0.jpg,秩父銘仙
po0007800-0-0.jpg,江戸自慢御裏地
po0007810-0-0.jpg,村山大島紬
po0007820-0-0.jpg,本場秩父銘仙
po0007880-0-0.jpg,サムライ兄弟商会
po0007910-0-0.jpg,箱館一番日本事始め物語　[カレンダー]
po0007930-0-0.jpg,出版記念フォーラム
po0007940-0-0.jpg,函館浪漫地詩図夢
po0007950-0-0.jpg,函館浪漫地詩図夢Ⅱ
po0007990-0-0.jpg,箱館一番日本事始め物語　[カレンダー]
po0008020-0-0.jpg,青函博（函館EXPO’88）協賛特別企画
po0008040-0-0.jpg,田辺三重松展
po0008180-0-0.jpg,森屋
po0008530-0-0.jpg,チェリー
po0008560-0-0.jpg,ピンヘット
po0008570-0-0.jpg,オールド
po0008580-0-0.jpg,パイプケーク
po0008600-0-0.jpg,オールド
po0008620-0-0.jpg,ルビー
po0008630-0-0.jpg,牡丹煙草
po0008640-0-0.jpg,花雲井
po0008650-0-0.jpg,露西亜形紙巻煙草
po0008660-0-0.jpg,巻煙草
po0008670-0-0.jpg,マニラ紙巻
po0008710-0-0.jpg,岩谷商会
po0008760-0-0.jpg,牡丹煙草
po0008780-0-0.jpg,ホーニー巻煙草
po0008790-0-0.jpg,ピーコック
po0008800-0-0.jpg,ホーク
po0008820-0-0.jpg,春の福引大売出し
po0008840-0-0.jpg,レコード石鹸
po0008930-0-0.jpg,老牌金剛石牙粉
po0008950-0-0.jpg,クラブ美身クリーム
po0008970-0-0.jpg,楽生堂Ｈ．Ｓ線療院
po0008990-0-0.jpg,クラブ美身クリーム
po0009000-0-0.jpg,ライオン歯磨
po0009010-0-0.jpg,クラブ美身クリーム
po0009020-0-0.jpg,クラブ美身クリーム
po0009030-0-0.jpg,クラブ歯磨き無代進呈
po0009040-0-0.jpg,レート大演習会
po0009050-0-0.jpg,レート大演習会
po0009060-0-0.jpg,ゴコー整髪料
po0009070-0-0.jpg,函館毎日新聞創刊六十周年記念
po0009080-0-0.jpg,御香椿油
po0009130-0-0.jpg,電気週間
po0009170-0-0.jpg,JOIK
po0009190-0-0.jpg,フクロクストーブ
po0009200-0-0.jpg,フクロクストーブ
po0009210-0-0.jpg,三菱鉱業株式会社
po0009220-0-0.jpg,天下ストーブ
po0009230-0-0.jpg,萩原式安全ストーブ
po0009240-0-0.jpg,ピースストーブ
po0009250-0-0.jpg,センオーストーブ
po0009280-0-0.jpg,愃六ストーブ
po0009510-0-0.jpg,フクロクストーブ
po0009520-0-0.jpg,フクロクストーブ
po0009750-0-0.jpg,つつしみの日
po0009760-0-0.jpg,火乃用心
po0009770-0-0.jpg,函館火災予防組合連合会
po0009780-0-0.jpg,中央火災傷害保険株式会社
po0009800-0-0.jpg,輸出振興外貨節約
po0009820-0-0.jpg,火の用心
po0009850-0-0.jpg,宇宙旅行も貯蓄から
po0009910-0-0.jpg,交通共済定期預金
po0009920-0-0.jpg,農業協同組合
po0010000-0-0.jpg,貯蓄増強中央委員会
po0012170-0-0.jpg,満州へ朝鮮へ
po0012340-0-0.jpg,南満州鉄道株式会社
po0012590-0-0.jpg,想ひ起す二十五年前
po0012630-0-0.jpg,備へよ国防
po0012800-0-0.jpg,支那事変ノ国債
po0012850-0-0.jpg,支那事変貯蓄債券
po0012880-0-0.jpg,支那事変国債
po0013160-0-0.jpg,SHIMATANI-LINE
po0013170-0-0.jpg,北日本汽船
po0013180-0-0.jpg,COMPLIMENTS OF OSAKA SHOSEN KAISHA.
po0013210-0-0.jpg,北日本汽船株式会社
po0013230-0-0.jpg,大阪商船株式会社
po0013240-0-0.jpg,大阪商船株式会社
po0013250-0-0.jpg,大阪商船株式会社
po0013260-0-0.jpg,OSAKA SHOSEN KAISHA
po0013280-0-0.jpg,大阪商船株式会社
po0013290-0-0.jpg,北日本汽船株式会社
po0013320-0-0.jpg,日本郵船株式会社
po0013330-0-0.jpg,東洋汽船株式会社
po0013340-0-0.jpg,東洋汽船株式会社
po0013360-0-0.jpg,近海郵船株式会社
po0013370-0-0.jpg,近海郵船株式会社
po0013380-0-0.jpg,近海郵船
po0013390-0-0.jpg,近海郵船株式会社
po0013400-0-0.jpg,近海郵船会社
po0013410-0-0.jpg,近海郵船株式会社　[カレンダー]
po0013420-0-0.jpg,近海郵船株式会社
po0013430-0-0.jpg,日本郵船株式会社
po0013440-0-0.jpg,近海郵船株式会社　[カレンダー]
po0013460-0-0.jpg,近海郵船株式会社
po0013490-0-0.jpg,NIPPON　YUSEN KAISHA
po0013500-0-0.jpg,日本郵船株式会社
po0013510-0-0.jpg,日本郵船株式会社
po0013530-0-0.jpg,日本郵船株式会社
po0013540-0-0.jpg,日本郵船株式会社
po0013550-0-0.jpg,日本郵船株式会社
po0013560-0-0.jpg,日本郵船株式会社
po0013570-0-0.jpg,日本郵船株式会社
po0013580-0-0.jpg,日本郵船株式会社
po0013770-0-0.jpg,春の長崎へ
po0013840-0-0.jpg,スキーは昆布温泉へ
po0014940-0-0.jpg,躍進日本＝実業教育
po0015080-0-0.jpg,揚げよ日の丸備へよ貯金
po0015140-0-0.jpg,国民精神総動員
po0015260-0-0.jpg,慰問袋募集
po0015450-0-0.jpg,神戸みなとの祭
po0015510-0-0.jpg,建国祭
po0015550-0-0.jpg,大法会修行実物展覧会開催
po0015570-0-0.jpg,建武中興
po0015590-0-0.jpg,元寇記念祭
po0015600-0-0.jpg,六百年大祭
po0015610-0-0.jpg,大楠公六百年祭
po0015640-0-0.jpg,観世音開帳
po0015660-0-0.jpg,明治神宮鎮座十年祭
po0015680-0-0.jpg,大楠公六百年大祭
po0015710-0-0.jpg,富士山開
po0015750-0-0.jpg,お互に努めませう
po0015770-0-0.jpg,短期公債募集
po0015810-0-0.jpg,勤倹貯蓄記念日三月十日
po0015830-0-0.jpg,貯蓄報国
po0015850-0-0.jpg,郵便年金
po0015870-0-0.jpg,速達郵便
po0015940-0-0.jpg,郵便局にて公債売出し
po0015950-0-0.jpg,公債売出し
po0015970-0-0.jpg,郵便局にて公債売出し
po0015990-0-0.jpg,公債売出し
po0016000-0-0.jpg,郵便局にて公債売出し
po0016130-0-0.jpg,四月より東北北海道飛行開始
po0016610-0-0.jpg,小樽港
po0016620-0-0.jpg,樺太庁鉄道
po0016640-0-0.jpg,日本郵船株式会社
po0016650-0-0.jpg,日本郵船株式会社
po0016670-0-0.jpg,海運報国
po0016680-0-0.jpg,北日本汽船株式会社
po0016690-0-0.jpg,around the world
po0016720-0-0.jpg,日本郵船株式会社
po0016760-0-0.jpg,近海郵船株式会社　[カレンダー]
po0016770-0-0.jpg,近海郵船株式会社　[カレンダー]
po0016780-0-0.jpg,近海郵船株式会社　[カレンダー]
po0016790-0-0.jpg,近海郵船株式会社　[カレンダー]
po0016830-0-0.jpg,札幌鉄道局
po0017070-0-0.jpg,4月2日第6回図書館記念日
po0017570-0-0.jpg,貯蓄増強中央委員会
po0018550-0-0.jpg,生徒募集岐阜薬学専門学校
po0018560-0-0.jpg,早稲田大学校外生の会
po0018580-0-0.jpg,早稲田大学校外生の会
po0018610-0-0.jpg,東京第一高等無線工科学校
po0018620-0-0.jpg,横浜専門学校
po0018640-0-0.jpg,給費生募集横浜専門学校
po0018660-0-0.jpg,市立函館実修女学校
po0018670-0-0.jpg,函館高等水産学校
po0018690-0-0.jpg,皇学儒学大東文化学院
po0018700-0-0.jpg,明治学院
po0018710-0-0.jpg,給費生ヲ募集ス
po0018720-0-0.jpg,海軍志願兵募集
po0018730-0-0.jpg,学生募集
po0018740-0-0.jpg,学校案内
po0019760-0-0.jpg,愛刀週間
po0020510-0-0.jpg,東京落語特選名流大会
po0020520-0-0.jpg,高浜喜久義
po0020960-0-0.jpg,鎧なき騎士
po0020990-0-0.jpg,世界一スミス冒険的宙返り飛行大会
po0021240-0-0.jpg,青函くに子大一座三十余名
po0021330-0-0.jpg,帝都名流大演芸会
po0021370-0-0.jpg,陸軍特別大演習実況放送
po0021380-0-0.jpg,祝　陸軍特別大演習
po0021720-0-0.jpg,松前観光
po0021780-0-0.jpg,辰悦丸箱館寄港
po0021860-0-0.jpg,松前さくらまつり
po0021930-0-0.jpg,映画　海猫
po0021960-0-0.jpg,松前城下時代まつり　
po0022010-0-0.jpg,第6回函館夜景の日
po0022090-0-0.jpg,成人祭　平成13年度
po0022100-0-0.jpg,DIG災害図上訓練ネットワーク設立記念講演会
po0022120-0-0.jpg,2002はこだてクリスマスファンタジー
po0022190-0-0.jpg,2002　はこだてクリスマスファンタジー
po0022210-0-0.jpg,北海道イメージアップ
po0022320-0-0.jpg,第10回記念2000函館ハーフマラソン大会交通規制
po0022350-0-0.jpg,新撰組　近藤勇
po0022390-0-0.jpg,広島東洋カープVS横浜ベイスターズ　セ・リーグ公式戦
po0022400-0-0.jpg,市制執行80年記念第15回　野外劇
po0022410-0-0.jpg,函館みなとパネル展　平成13年度
po0022430-0-0.jpg,創作劇　炎の如く
po0022450-0-0.jpg,函館みなとパネル展　平成14年版
po0024420-0-0.jpg,北海道博
po0024450-0-0.jpg,夕鶴
po0024480-0-0.jpg,北海道大博覧会
po0024650-0-0.jpg,大阪日本万国博
po0024720-0-0.jpg,東北北海道産業振興共進会
po0024760-0-0.jpg,幽霊やしき
po0024790-0-0.jpg,北海道博
po0024800-0-0.jpg,北洋博
po0024840-0-0.jpg,北海道博海の小樽会場
po0024910-0-0.jpg,北洋博
po0024920-0-0.jpg,北洋博
po0024950-0-0.jpg,湯川温泉納凉まつり
po0024960-0-0.jpg,北洋博函館カレンダー
po0024990-0-0.jpg,第１４回英語劇公演夏の夜の夢
po0025030-0-0.jpg,ナンの悲劇
po0025040-0-0.jpg,第9回英語劇の夕　聖者の泉
po0025050-0-0.jpg,第8回英語劇の夕　我等の町
po0025080-0-0.jpg,NHK郷土芸能発表大会
po0025100-0-0.jpg,第7回英語劇の夕”御婦人は皆知っている”
po0025110-0-0.jpg,第15回函館地区高校演劇発表会
po0025120-0-0.jpg,第一回発表会童話劇の集い
po0025130-0-0.jpg,第13回公演メドウサの首
po0025140-0-0.jpg,第10回英語劇の夕ドーヴァー街道
po0025150-0-0.jpg,第12回英語劇─Life with Father　おやじとともに─
po0025180-0-0.jpg,第13回英語劇わかれ
po0010010-0-0.jpg,貯蓄増強中央委員会
po0020500-0-0.jpg,新人実演大会
po0024810-0-0.jpg,北洋博
po0024830-0-0.jpg,印度国際観光物産見本市
po0009610-0-0.jpg,神戸海上運送火災保険株式会社
po0010520-0-0.jpg,リボンシトロン
po0002850-0-0.jpg,住みよい社会をつくる郵便貯金
po0002910-0-0.jpg,友愛は心の財産　
po0015270-0-0.jpg,函館東郷会発会式
po0022170-0-0.jpg,北海道イメージアップ
po0008030-0-0.jpg,懐かしのおもちゃ展
po0005490-0-0.jpg,函館精養軒の包装紙
po0005500-0-0.jpg,岩船呉服店の包装紙
po0005510-0-0.jpg,荻野呉服店の包装紙
po0005520-0-0.jpg,荻野呉服店の包装紙
po0005530-0-0.jpg,精養軒の包装紙
po0005540-0-0.jpg,亀井信盛堂の包装紙
po0005550-0-0.jpg,ヤマトヤ商店の包装紙
po0005560-0-0.jpg,風月堂の包装紙
po0005570-0-0.jpg,秋月堂の包装紙
po0005580-0-0.jpg,風月堂田村商店の包装紙
po0005590-0-0.jpg,阿みや履物店の包装紙
po0005600-0-0.jpg,藤井土産店の包装紙
po0005610-0-0.jpg,ハコダテヤの包装紙
po0005620-0-0.jpg,トラピスト乳製品の包装紙
po0005630-0-0.jpg,丸越　白崎分店の包装紙
po0005640-0-0.jpg,長峰商店の包装紙
po0005650-0-0.jpg,丸安　安田商店調製の包装紙
po0005660-0-0.jpg,金森大正堂の包装紙
po0005670-0-0.jpg,函館ボーニ　荻野呉服店の包装紙
po0005680-0-0.jpg,松屋呉服店の包装紙
po0005690-0-0.jpg,近江屋呉服店の包装紙
po0005700-0-0.jpg,函館　今井呉服店の包装紙
po0005710-0-0.jpg,中村呉服店の包装紙
po0005720-0-0.jpg,西田屋パンの包装紙
po0005730-0-0.jpg,青柳軒の包装紙
po0005740-0-0.jpg,古西商店の包装紙
po0005750-0-0.jpg,寺井陶器店の包装紙
po0005760-0-0.jpg,小西洋品店の包装紙
po0005770-0-0.jpg,赤のれん洋反物店の包装紙
po0005780-0-0.jpg,ハマノ薬房の包装紙
po0005790-0-0.jpg,正札堂の包装紙
po0005800-0-0.jpg,田中茶舗の包装紙
po0005810-0-0.jpg,トラピスト乳製品の包装紙
po0005820-0-0.jpg,牛鳥　和洋御料理の包装紙
po0005830-0-0.jpg,トモエヤの包装紙
po0005840-0-0.jpg,ネボケ堂の包装紙
po0005850-0-0.jpg,サムライ呉服店の包装紙
po0005860-0-0.jpg,センシユウアンの包装紙
po0005870-0-0.jpg,トモエヤの包装紙
po0005880-0-0.jpg,新田完一商店の包装紙
po0005890-0-0.jpg,風月堂　田村松五郎の包装紙
po0005900-0-0.jpg,千利庵の包装紙
po0005910-0-0.jpg,早坂洋品店の包装紙
po0005920-0-0.jpg,赤のれんモスリン店の包装紙
po0005930-0-0.jpg,寺井陶器店の包装紙
po0005940-0-0.jpg,安田商店の包装紙
po0005950-0-0.jpg,伊月洋物店の包装紙
po0005960-0-0.jpg,サカモトの包装紙
po0005970-0-0.jpg,函館今井呉服店の包装紙
po0005980-0-0.jpg,共益商社の包装紙
po0005990-0-0.jpg,白木屋呉服店の包装紙
po0006000-0-0.jpg,松吉政吉商店の包装紙
po0006010-0-0.jpg,柳栄堂の包装紙
po0006020-0-0.jpg,富屋北川商店の包装紙
po0006030-0-0.jpg,浪花屋の包装紙
po0006040-0-0.jpg,成木屋呉服店の包装紙
po0006050-0-0.jpg,成木屋呉服店の包装紙
po0006060-0-0.jpg,函館今井呉服店の包装紙
po0006070-0-0.jpg,柳栄堂の包装紙
po0006080-0-0.jpg,函館サカモトの包装紙
po0006090-0-0.jpg,函館サカモトの包装紙
po0006100-0-0.jpg,浪花屋の包装紙
po0006110-0-0.jpg,浪花屋の包装紙
po0006120-0-0.jpg,函館　荻野呉服店の包装紙
po0006130-0-0.jpg,極光社書店の包装紙
po0006140-0-0.jpg,極光社書店の包装紙
po0006150-0-0.jpg,西川洋品店の包装紙
po0006160-0-0.jpg,大丸呉服店の包装紙
po0006170-0-0.jpg,三越呉服店の包装紙
po0006180-0-0.jpg,函館　風月堂の包装紙
po0006190-0-0.jpg,大島商会の包装紙
po0006200-0-0.jpg,石塚増太郎商店の包装紙
po0006210-0-0.jpg,松屋呉服店の包装紙
po0006220-0-0.jpg,小林洋服店の包装紙
po0006230-0-0.jpg,林屋商舗の包装紙
po0006240-0-0.jpg,松坂屋いとう呉服店の包装紙
po0006250-0-0.jpg,松坂屋いとう呉服店の包装紙
po0006260-0-0.jpg,五番館の包装紙
po0006270-0-0.jpg,養和軒の包装紙　
po0006280-0-0.jpg,榛原直次郎の包装紙
po0006290-0-0.jpg,玉川呉服店の包装紙
po0006300-0-0.jpg,小西洋品店の包装紙
po0006310-0-0.jpg,白木屋呉服店の包装紙
po0006320-0-0.jpg,桐生織物同業組合・邑楽織物同業組合・伊勢崎織物同業組合・群馬懸生絹太織商同業組合の包装紙
po0006330-0-0.jpg,イツキ洋品店の包装紙
po0006340-0-0.jpg,松屋呉服店の包装紙
po0006350-0-0.jpg,長嶋洋品店の包装紙
po0006360-0-0.jpg,信盛堂呉服店の包装紙
po0006370-0-0.jpg,河村蒲団店の包装紙
po0006380-0-0.jpg,菊水総本店の包装紙
po0006390-0-0.jpg,マルキ号本店の包装紙
po0006400-0-0.jpg,白崎分店の包装紙
po0006410-0-0.jpg,福助饂飩の包装紙
po0006420-0-0.jpg,秋月堂の包装紙
po0006430-0-0.jpg,荻野呉服店の包装紙
po0006440-0-0.jpg,竹田洋品店の包装紙
po0006450-0-0.jpg,寺井商店の包装紙
po0006460-0-0.jpg,加藤呉服店の包装紙
po0006470-0-0.jpg,菊水売店の包装紙
po0006480-0-0.jpg,西堀書店の包装紙
po0006490-0-0.jpg,高橋商店の包装紙
po0006500-0-0.jpg,西堀書店の包装紙
po0006510-0-0.jpg,カナメ屋の包装紙
po0006520-0-0.jpg,トモエヤの包装紙
po0006530-0-0.jpg,今井呉服店の包装紙　
po0006540-0-0.jpg,カネモリ洋物店の包装紙
po0006550-0-0.jpg,近江屋呉服店の包装紙
po0006560-0-0.jpg,陸軍御用甲子屋の包装紙
po0006570-0-0.jpg,西堀近江堂の包装紙
po0006580-0-0.jpg,成木屋呉服店の包装紙
po0006590-0-0.jpg,やまぶきの包装紙
po0006600-0-0.jpg,やまぶきの包装紙
po0006610-0-0.jpg,岩船呉服店の包装紙　1～2
po0006620-0-0.jpg,今井呉服洋物店の包装紙　1～2
po0006630-0-0.jpg,今井呉服洋物店の包装紙　1～3
po0006640-0-0.jpg,萩野呉服店の包装紙
po0006650-0-0.jpg,今井呉服店の包装紙
po0006660-0-0.jpg,風月堂田村商店の包装紙　1～2
po0006670-0-0.jpg,ネボケ堂の包装紙　1～2
po0006680-0-0.jpg,今井呉服洋物店の包装紙　1～6
po0006690-0-0.jpg,松屋呉服店の包装紙　1～2
po0006700-0-0.jpg,センシュウアンの包装紙　1～6
po0006710-0-0.jpg,今井呉服洋物店の包装紙　1～3
po0006720-0-0.jpg,三越呉服店の包装紙
po0006730-0-0.jpg,白木屋呉服店の包装紙
po0006740-0-0.jpg,白木呉服店の包装紙
po0006750-0-0.jpg,ハコダテヤの包装紙
po0006760-0-0.jpg,中村呉服店の包装紙
po0006770-0-0.jpg,大山商店の包装紙
po0006780-0-0.jpg,吉田屋モスリン店の包装紙
po0006790-0-0.jpg,早坂洋品店の包装紙
po0006800-0-0.jpg,児童百貨店トモエヤの包装紙
po0006810-0-0.jpg,今井呉服店の包装紙　1～4
po0006820-0-0.jpg,今井呉服洋物店の包装紙　1～9
po0006830-0-0.jpg,今井呉服洋物店の包装紙
po0006840-0-0.jpg,精養軒の包装紙　
po0006850-0-0.jpg,岩船呉服店の包装紙
po0006860-0-0.jpg,白木屋呉服店の包装紙　1～2
po0006870-0-0.jpg,岩船呉服店の包装紙
po0025880-0-0.jpg,2006特別企画展　没後20年 梁川剛一
po0040480-0-0.jpg,市立函館博物館平成22年度特別展　縄文の至宝
po0040940-0-0.jpg,特別展　日本の玩具
po0041180-0-0.jpg,戊辰戦争終結130周年　戊辰戦争　鳥羽・伏見から箱館まで
po0041290-0-0.jpg,特別企画展　古地図にみる北海道
po0041420-0-0.jpg,函館山
po0000010-0-0.jpg,開港112年　函館港まつり
po0000020-0-0.jpg,開港111年　函館港まつり
po0000050-0-0.jpg,開港109年記念　函館港まつり
po0000060-0-0.jpg,開港108年記念　函館港まつり
po0000110-0-0.jpg,函館市港まつり
po0000150-0-0.jpg,開港119年記念函館港まつり
po0000170-0-0.jpg,開港百十八年記念函館港まつり
po0000180-0-0.jpg,開港116年記念　ペリー来航120周年　函館港まつり
po0000200-0-0.jpg,開港百十三年記念　函館港まつり
po0000270-0-0.jpg,開港121年記念　函館港まつり
po0000320-0-0.jpg,はこだて　
po0000350-0-0.jpg,第10回箱館五稜郭祭
po0000410-0-0.jpg,はこだて　
po0000420-0-0.jpg,はこだて　
po0000430-0-0.jpg,はこだて　
po0000440-0-0.jpg,はこだて　
po0000450-0-0.jpg,函館　[函館観光ポスター]
po0000460-0-0.jpg,函館　
po0000470-0-0.jpg,函館　[函館観光ポスター]
po0000480-0-0.jpg,はこだて　
po0000580-0-0.jpg,家庭と青少年の日
po0000590-0-0.jpg,たすけあって共同募金
po0000600-0-0.jpg,発明の日
po0000610-0-0.jpg,春の交通安全　道民総ぐるみ運動
po0000620-0-0.jpg,交通安全
po0000630-0-0.jpg,港まつり
po0000670-0-0.jpg,函館開港百年記念展
po0000680-0-0.jpg,東日本名物名産共進展　
po0000700-0-0.jpg,函館開港百年祭
po0000720-0-0.jpg,古代カルタゴ美術展
po0000750-0-0.jpg,ART DEKO ガラスの美
po0000770-0-0.jpg,札幌オリンピックを成功させよう
po0000820-0-0.jpg,開港103年記念　函館港まつり
po0000830-0-0.jpg,開港九十年港まつり記念　昭和23年度函館観光写真コンクール
po0000840-0-0.jpg,開港105年記念　’63はこだて港まつり
po0000850-0-0.jpg,開港九十年記念　函館港まつり
po0000870-0-0.jpg,水道の普及と料金　
po0000920-0-0.jpg,1952ヘルシンキオリンピックへ選手を送りましょう
po0000930-0-0.jpg,第11回札幌オリンピック冬季大会会場予定図
po0000960-0-0.jpg,XI　Olympic Winter Games
po0000970-0-0.jpg,第26回学生広告論文電通賞募集
po0000980-0-0.jpg,第26回学生広告論文電通賞募集
po0001010-0-0.jpg,ハイカラ絵日記
po0001020-0-0.jpg,港まつり
po0001030-0-0.jpg,開港98年　はこだて港まつり
po0001040-0-0.jpg,開港106年　はこだて港まつり
po0001050-0-0.jpg,港まつり福引大売出し
po0001090-0-0.jpg,開港97年はこだて港まつり
po0001100-0-0.jpg,開港九十四周年・北洋漁業再開記念　港まつり
po0001110-0-0.jpg,松竹大歌舞伎特別公演
po0001140-0-0.jpg,開港九十五周年　港まつり
po0001150-0-0.jpg,開港107年記念はこだて港まつり
po0001170-0-0.jpg,優良児童図書展示会
po0001180-0-0.jpg,市民のための大学開放講座
po0001200-0-0.jpg,平成6年度特別展　箱館夢日記＝箱館と南部藩＝
po0001210-0-0.jpg,寺崎広業展
po0001230-0-0.jpg,冬の交通事故防止運動
po0001390-0-0.jpg,港まつり
po0001650-0-0.jpg,みんなで一掃き　たのしい一日
po0001800-0-0.jpg,開館5周年記念　夷酋列像200年　蠣崎波響とその時代展
po0001830-0-0.jpg,6月1日～7日　水道週間
po0001890-0-0.jpg,青少年のために
po0001900-0-0.jpg,呼んでる待ってる北方領土
po0001960-0-0.jpg,国際フォトニュース　かけ声の仲間
po0001980-0-0.jpg,海外研修生募集
po0001990-0-0.jpg,国をささえる若い力　自衛官募集
po0002000-0-0.jpg,国際フォトニュース　富士に鍛える
po0002010-0-0.jpg,国際フォトニュース　大空の祭典
po0002020-0-0.jpg,赤十字看護学生募集
po0002050-0-0.jpg,第19回　三国バレエ発表会
po0002060-0-0.jpg,きょうは税の相談日よ
po0002080-0-0.jpg,たすけあって！赤い羽根のよろこびを
po0002090-0-0.jpg,正しい計量　明るい社会
po0002110-0-0.jpg,明るい家庭に明るい子供
po0002120-0-0.jpg,警察官採用
po0002130-0-0.jpg,春の交通安全運動
po0002140-0-0.jpg,北海道中堅青年海外派遣団員募集
po0002170-0-0.jpg,第24回学生広告論文伝通賞作品募集
po0002200-0-0.jpg,航空管制官募集
po0002220-0-0.jpg,昭和48年度　北海道図書館大会
po0002230-0-0.jpg,昭和49年度　慶應義塾大学通信教育部学生募集
po0002240-0-0.jpg,函館市民会館落成記念バレエフェスティバル
po0002260-0-0.jpg,明治はるあき
po0002280-0-0.jpg,第7回奨学論文コンテスト
po0002290-0-0.jpg,教護になりませんか　第二十七期生募集
po0002310-0-0.jpg,芸術祭バレエ北海道公演　第10回東京バレエグループ公演
po0002330-0-0.jpg,第10回全国青年政治討論会
po0002360-0-0.jpg,第22回学生広告論文電通賞作品募集
po0002380-0-0.jpg,高校生の作文募集　税金についての意見や感想を書いてみよう
po0002390-0-0.jpg,札幌オリンピック善意通訳募集
po0002410-0-0.jpg,第3期　成人学校受講生募集
po0002420-0-0.jpg,海上保安大学校　水路科・燈台科・普通科　気象大学校学生募集
po0002430-0-0.jpg,第14回こどもの読書週間
po0002480-0-0.jpg,松前
po0002490-0-0.jpg,オリンピックへぼくらの代表選手を！
po0002500-0-0.jpg,札幌オリンピックを成功させよう。北海道
po0002520-0-0.jpg,国家公務員募集
po0002540-0-0.jpg,千代田学園　旧千代田テレビ技術学校
po0002600-0-0.jpg,物価抑制特別貯蓄運動
po0002630-0-0.jpg,ひとりで行かないムリしない
po0002640-0-0.jpg,学生募集　学士号授与　教職課程併設
po0002670-0-0.jpg,国家公務員募集
po0002680-0-0.jpg,よみがえる都市河川
po0002690-0-0.jpg,№38　青少年フォトニュース
po0002700-0-0.jpg,国際フォトニュース　NOWな青春若人の祭典！
po0002710-0-0.jpg,Photo Study 1973 №5
po0002720-0-0.jpg,Photo Study 1973 №7
po0002730-0-0.jpg,Photo Study 1973　№9
po0002740-0-0.jpg,Photo Study 1973
po0002780-0-0.jpg,国際フォトニュース　海原はるか硫黄島
po0002920-0-0.jpg,水道があって明るい今日がある　6月1日～7日/第12回・水道週間　
po0002940-0-0.jpg,鯖戸英郎氏・サルコリー氏・ハース氏・ヘンリエッタペレス夫人　演奏会
po0003010-0-0.jpg,洋画家　半切画展覧会
po0003020-0-0.jpg,小村真太郎　洋画版画展覧会
po0003040-0-0.jpg,第九十七回　札幌修身講話会
po0003050-0-0.jpg,第10回　札幌修身講話会
po0003090-0-0.jpg,第3回公演　国防資献金音楽会
po0003110-0-0.jpg,北光トリオ第一回大演奏会
po0003120-0-0.jpg,筑前琵琶宗家　橘旭宗先生歓迎大演奏会
po0003130-0-0.jpg,音楽大演奏会
po0003140-0-0.jpg,音楽と童謡舞踊の夕
po0003150-0-0.jpg,第一回　演奏会
po0003160-0-0.jpg,画邦　橋浦泰雄個人展覧会
po0003170-0-0.jpg,児童自由画懸賞募集
po0003180-0-0.jpg,マンドリンオルケストラ公開演奏会
po0003190-0-0.jpg,明治大学ハーモニカ　ソサェティー大演奏会
po0003200-0-0.jpg,コロムビア専属芸術家　巴里ラムルウ管弦楽団独唱者　佐藤美子独唱会
po0003210-0-0.jpg,我が楽界の巨星　山田耕作氏作品発表大演奏会
po0003220-0-0.jpg,駒ヶ嶽爆発罹災義捐大演奏会　早稲田大学オーケストラ団一行
po0003260-0-0.jpg,久留島武彦氏　お伽二十五周年記念会
po0003280-0-0.jpg,声楽の夕
po0003290-0-0.jpg,満州事情展覧会
po0003300-0-0.jpg,海の展覧会
po0003360-0-0.jpg,釧路海陸物産共進会
po0003550-0-0.jpg,市立電気科学館
po0003610-0-0.jpg,開館一周年　市立電気科学館
po0003730-0-0.jpg,全国発明品展覧会
po0003840-0-0.jpg,北海道衛生展覧会
po0003870-0-0.jpg,網走外三郡物産共進会
po0003880-0-0.jpg,第三回札幌工業品々評会
po0003910-0-0.jpg,第二回十勝物産共進会
po0003950-0-0.jpg,後志物産共進会
po0003990-0-0.jpg,山形県郷土史料大展覧会
po0004000-0-0.jpg,東郷元帥米寿記念展覧会
po0004030-0-0.jpg,道産愛用展覧会
po0004100-0-0.jpg,福島競馬
po0004110-0-0.jpg,酒田競馬
po0004120-0-0.jpg,第十九回樺太大競馬会
po0004140-0-0.jpg,福島競馬
po0004180-0-0.jpg,春季函館競馬
po0004190-0-0.jpg,帝室御賞典函館競馬
po0004270-0-0.jpg,昭和六年秋季　八雲競馬
po0004280-0-0.jpg,日本一の白河馬市
po0004530-0-0.jpg,鉄道図書館訓
po0004540-0-0.jpg,館内配置書架案内
po0004570-0-0.jpg,記念緑化運動
po0004580-0-0.jpg,植樹祭
po0004590-0-0.jpg,お互に道路を愛しませう
po0004600-0-0.jpg,道は世の為人の為ともに改良致しませう
po0004610-0-0.jpg,覚めよ道路改善に
po0004620-0-0.jpg,衛生都市の建設
po0004630-0-0.jpg,道路の改良と愛護は万人の幸福
po0004640-0-0.jpg,お互に道路を愛しませう
po0004650-0-0.jpg,度量衡記念日
po0004660-0-0.jpg,四月十一日度量衡記念日
po0004670-0-0.jpg,米ハキログラムデ買ヒマセウ
po0004680-0-0.jpg,メートルデー
po0004690-0-0.jpg,来ル四月十一日ヨリ白米ハメートル法デ小売シマス
po0004740-0-0.jpg,銃後健康報国　
po0004750-0-0.jpg,健康週間
po0004760-0-0.jpg,十月十日全国視力保存デー
po0004770-0-0.jpg,六月四日　ムシ歯予防デー
po0004790-0-0.jpg,第十三回結核予防デー　12.6.27
po0004800-0-0.jpg,6月4日全国ムシ歯予防デー
po0004810-0-0.jpg,第八回結核予防デー　7.6.27
po0004820-0-0.jpg,第七回結核予防デー　6.6.27
po0004830-0-0.jpg,自然に親しめ
po0004840-0-0.jpg,六月四日むし歯予防デー
po0004860-0-0.jpg,第二回飾窓競技会参加店
po0004870-0-0.jpg,陽明堂后版印刷所
po0004880-0-0.jpg,陽明堂后版印刷所
po0004890-0-0.jpg,陽明堂印刷所
po0004900-0-0.jpg,陽明堂印刷所
po0004910-0-0.jpg,陽明堂印刷所
po0004920-0-0.jpg,陽明堂印刷所
po0004930-0-0.jpg,創業二十周年　大日本法令出版株式会社
po0004940-0-0.jpg,三秀舎のカレンダーの台紙
po0004950-0-0.jpg,御大典奉祝ノ為メ十一月十日謹而休業仕候
po0004960-0-0.jpg,明治三十二年略暦
po0004970-0-0.jpg,謹而御大喪儀ヲ拝シ七日休業仕候
po0004980-0-0.jpg,帝国第二艦隊歓迎之為メ乗組軍人ノ御方之入浴料ヲ金三銭二仕候
po0005020-0-0.jpg,所得の申告
po0005040-0-0.jpg,故大隈候記念大講堂建設資金募集
po0005050-0-0.jpg,国際補助語　エスペラント
po0005060-0-0.jpg,賜御台覧之栄
po0005070-0-0.jpg,六月四日ムシ歯予防デー
po0005100-0-0.jpg,サムライインキ
po0005110-0-0.jpg,アテナインキ
po0005120-0-0.jpg,丸善スタンプインキ
po0005150-0-0.jpg,冷えたポンパンのうまさは素敵！
po0005170-0-0.jpg,ほうらい足袋
po0005180-0-0.jpg,創業明治八年　島津製作所
po0005190-0-0.jpg,プラトンインキ
po0005200-0-0.jpg,英国製ヒーロー防水靴クリーム
po0005210-0-0.jpg,町野金物店
po0005220-0-0.jpg,フライト
po0005230-0-0.jpg,安全スベリ止
po0005240-0-0.jpg,田沢除蝿粉
po0005250-0-0.jpg,二色蚊とり線香　キング
po0005300-0-0.jpg,函館名物　五稜郭漬
po0005310-0-0.jpg,ハアマアー鉛筆
po0005330-0-0.jpg,時計ビスケ
po0005360-0-0.jpg,CHEF SOUPS
po0005370-0-0.jpg,登録商標　花の雲
po0005380-0-0.jpg,極東　コーヒー牛乳
po0005390-0-0.jpg,ロンドインキ
po0005400-0-0.jpg,台湾ぽんかん
po0005410-0-0.jpg,ブルドックソース
po0005420-0-0.jpg,羊肉ハ肉ノ王　
po0006890-0-0.jpg,新田貴金属店
po0006930-0-0.jpg,地図
po0006950-0-0.jpg,道政の重点
po0006960-0-0.jpg,学童壁新聞
po0006980-0-0.jpg,郵便壁新聞
po0006990-0-0.jpg,風雪百年輝く未来　１～２
po0007000-0-0.jpg,国土緑化推進委員会
po0007010-0-0.jpg,教育委員会選挙　１～２
po0007050-0-0.jpg,矯正保護強調運動
po0007060-0-0.jpg,教育委員会選挙
po0007070-0-0.jpg,婦人週間
po0007080-0-0.jpg,フォトニュース　１～２
po0007090-0-0.jpg,地方税法　１～３
po0007100-0-0.jpg,北海道かべ新聞　１～２
po0007110-0-0.jpg,壁新聞Ｎｏ５０
po0007120-0-0.jpg,北海道かべ新聞Ｎｏ２１
po0007130-0-0.jpg,かべ新聞Ｎｏ４１
po0007140-0-0.jpg,かべ新聞Ｎｏ４０
po0007150-0-0.jpg,かべ新聞Ｎｏ４６
po0007160-0-0.jpg,北海道かべ新聞Ｎｏ２２
po0007190-0-0.jpg,時事写真ニュース
po0007200-0-0.jpg,科学技術週間
po0007210-0-0.jpg,電気ものしり教室Ｎｏ１
po0007220-0-0.jpg,函館市の財政　１～３
po0007230-0-0.jpg,フォトニュース
po0007240-0-0.jpg,赤十字フォートニュース　Ｎｏ８６－１
po0007250-0-0.jpg,赤十字フォートニュースＮｏ８５
po0007260-0-0.jpg,赤十字フォートニュース　Ｎｏ８５～２
po0007270-0-0.jpg,赤十字フォートニュース　Ｎｏ８５～１
po0007280-0-0.jpg,赤十字フォートニュース　Ｎｏ８６－２
po0007290-0-0.jpg,交通ニュース
po0007300-0-0.jpg,協賛マーク
po0007310-0-0.jpg,正しい人体寄生虫の知識　１～２
po0007320-0-0.jpg,フォトニュース
po0007340-0-0.jpg,市立保健所　１～２
po0007350-0-0.jpg,北海道夢の観光コース
po0007370-0-0.jpg,スポーツ教室の開設
po0007380-0-0.jpg,北海道百年記念事業
po0007410-0-0.jpg,函館市の財政　１～２
po0007430-0-0.jpg,大蔵省・通貨安定対策本部
po0007440-0-0.jpg,生産第一
po0007450-0-0.jpg,北海道かべ新聞Ｎｏ１
po0007460-0-0.jpg,北海道かべ新聞
po0007470-0-0.jpg,北海道かべ新聞　Ｎｏ７
po0007480-0-0.jpg,北海道かべ新聞Ｎｏ１５
po0007490-0-0.jpg,北海道かべ新聞Ｎｏ１６
po0007500-0-0.jpg,北海道かべ新聞Ｎｏ１８
po0007510-0-0.jpg,北海道かべ新聞Ｎｏ１９
po0007520-0-0.jpg,北海道かべ新聞Ｎｏ１３　１～２
po0007550-0-0.jpg,北海道百年
po0007590-0-0.jpg,ホソイ商店
po0007610-0-0.jpg,御誂ふとん
po0007620-0-0.jpg,蚊帳宣伝福引大売出し
po0007700-0-0.jpg,かやは麻
po0007840-0-0.jpg,西川商店
po0007850-0-0.jpg,西川
po0007860-0-0.jpg,西川
po0007870-0-0.jpg,西川
po0007890-0-0.jpg,水道週間
po0007900-0-0.jpg,WORLD FOOD FESTIVAL
po0007920-0-0.jpg,函館市環境部
po0007960-0-0.jpg,市立函館博物館五稜郭分館
po0007980-0-0.jpg,水道１００年展
po0008000-0-0.jpg,JUNO'S JAPAN '88
po0008010-0-0.jpg,JUNO'S JAPAN'88　[カレンダー]
po0008050-0-0.jpg,函館港まつり
po0008060-0-0.jpg,仙台屋
po0008070-0-0.jpg,芽原商店
po0008080-0-0.jpg,森田商店
po0008090-0-0.jpg,金久三年味噌
po0008100-0-0.jpg,太平商店
po0008110-0-0.jpg,養和軒
po0008120-0-0.jpg,細居商店
po0008130-0-0.jpg,金久三年味噌
po0008140-0-0.jpg,中村酒店
po0008150-0-0.jpg,白牡丹商補
po0008160-0-0.jpg,小西商店
po0008170-0-0.jpg,金久三年味噌
po0008200-0-0.jpg,函館森屋
po0008460-0-0.jpg,西陣織元呉服店
po0008610-0-0.jpg,鈴木商店
po0008680-0-0.jpg,牡丹煙草
po0008690-0-0.jpg,千草
po0008770-0-0.jpg,ピンヘット
po0008830-0-0.jpg,佐々木商会
po0008850-0-0.jpg,アルファ自動研安全剃刀
po0008860-0-0.jpg,鶴々卵石鹸
po0008870-0-0.jpg,常乃花石鹸
po0008960-0-0.jpg,クラブ美身クリーム
po0008980-0-0.jpg,ライオン歯磨
po0009090-0-0.jpg,レート白粉
po0009100-0-0.jpg,浅野物産株式会社
po0009110-0-0.jpg,期成同盟会
po0009140-0-0.jpg,親子電球
po0009150-0-0.jpg,エビスランプオヤコランプ
po0009160-0-0.jpg,ナショナル電球
po0009180-0-0.jpg,JOIK
po0009300-0-0.jpg,柄杓覆
po0009310-0-0.jpg,有田商会
po0009320-0-0.jpg,白雪コンロ
po0009330-0-0.jpg,天女印高級飯蒸器
po0009340-0-0.jpg,ひば材
po0009350-0-0.jpg,秋田杉
po0009370-0-0.jpg,ＡＥＧ
po0009390-0-0.jpg,ＡＥＧ
po0009400-0-0.jpg,ジー．エス蓄電池
po0009410-0-0.jpg,万能レンジ
po0009420-0-0.jpg,標準飯蒸
po0009430-0-0.jpg,事変ニュース放送特設
po0009440-0-0.jpg,紐育スタンダード石油会社
po0009450-0-0.jpg,浅井式湯たんぽ
po0009470-0-0.jpg,日本蓄音器商会
po0009490-0-0.jpg,特許法史五十年記念会
po0009500-0-0.jpg,米井商店
po0009530-0-0.jpg,JUNO'S JAPAN 1988
po0009550-0-0.jpg,火の用心
po0009950-0-0.jpg,火の用心
po0010110-0-0.jpg,茂木佐平治醸造
po0010120-0-0.jpg,マルモ醤油
po0010190-0-0.jpg,金久三年味噌
po0010200-0-0.jpg,カギダイ
po0010230-0-0.jpg,サッポロビール
po0010240-0-0.jpg,サクラビール
po0010250-0-0.jpg,サクラビール
po0010260-0-0.jpg,カブトビール
po0010270-0-0.jpg,サクラビール
po0010280-0-0.jpg,大日本麦酒株式会社
po0010290-0-0.jpg,サクラビール
po0010300-0-0.jpg,サクラビール
po0010310-0-0.jpg,大日本麦酒株式会社
po0010320-0-0.jpg,サッポロビール
po0010330-0-0.jpg,桜ビール
po0010340-0-0.jpg,大日本麦酒株式会社
po0010350-0-0.jpg,帝国鉱泉株式会社
po0010360-0-0.jpg,株式会社明治屋
po0010370-0-0.jpg,清涼飲料金線サイダー
po0010380-0-0.jpg,伊勢山田小川三左衛門商店
po0010390-0-0.jpg,宮崎葡萄液
po0010400-0-0.jpg,株式会社明治屋
po0010410-0-0.jpg,帝国鉱泉株式会社
po0010420-0-0.jpg,サクラビール
po0010430-0-0.jpg,[ビール]
po0010440-0-0.jpg,サクラビール　[カレンダー]
po0010450-0-0.jpg,金線サイダー
po0010460-0-0.jpg,カルピス
po0010470-0-0.jpg,ダイヤモンド印
po0010480-0-0.jpg,キリンビール
po0010490-0-0.jpg,柳藤吉商店製造
po0010500-0-0.jpg,キリンビール
po0010510-0-0.jpg,株式会社明治屋
po0010530-0-0.jpg,カブトビール
po0010540-0-0.jpg,サッポロビール
po0010550-0-0.jpg,ミュンヘンビール
po0010560-0-0.jpg,大日本麦酒株式会社
po0010570-0-0.jpg,サクラビール
po0010580-0-0.jpg,サクラビール
po0010590-0-0.jpg,ユニオンビール
po0010600-0-0.jpg,サッポロビール
po0010610-0-0.jpg,リボンシトロン
po0010620-0-0.jpg,リボンシトロン
po0010630-0-0.jpg,サッポロビール
po0010640-0-0.jpg,サッポロビール
po0010650-0-0.jpg,サッポロビール
po0010660-0-0.jpg,サッポロビール
po0010670-0-0.jpg,サッポロビール
po0010680-0-0.jpg,大日本麦酒株式会社
po0010690-0-0.jpg,サッポロビール
po0010700-0-0.jpg,サッポロビール
po0010710-0-0.jpg,サッポロビール
po0010720-0-0.jpg,サッポロビール
po0010730-0-0.jpg,ビール
po0010740-0-0.jpg,サッポロビール
po0010750-0-0.jpg,リボンシトロン
po0010760-0-0.jpg,サッポロビール
po0010770-0-0.jpg,サッポロビール
po0010780-0-0.jpg,サッポロビール
po0010790-0-0.jpg,高級飲料
po0010800-0-0.jpg,御大典奉祝には道産酒で乾杯
po0010810-0-0.jpg,キリンビール
po0010820-0-0.jpg,ビタミンビール
po0010830-0-0.jpg,サッポロ黒ビール
po0010840-0-0.jpg,ビール展覧会
po0010850-0-0.jpg,リボンシトロンナポリン
po0010860-0-0.jpg,リボンシトロンナポリン
po0010870-0-0.jpg,清涼飲料シトロン
po0010880-0-0.jpg,大日本麦酒株式会社
po0010890-0-0.jpg,大日本麦酒株式会社製造
po0010900-0-0.jpg,リボンシトロン
po0010910-0-0.jpg,大日本麦酒株式会社製造
po0010920-0-0.jpg,THE DAINIPPON BEER CO.LTC
po0010930-0-0.jpg,大日本麦酒株式会社製造
po0010940-0-0.jpg,リボンシトロン
po0010960-0-0.jpg,[着物姿で腰板に寄りかかる女性]
po0010970-0-0.jpg,清涼飲料シトロン
po0010980-0-0.jpg,大日本麦酒株式会社
po0010990-0-0.jpg,北長
po0011000-0-0.jpg,[着物姿で本を読む女性]
po0011010-0-0.jpg,両関
po0011020-0-0.jpg,吟味追分豆
po0011030-0-0.jpg,大塚合名会社醸
po0011040-0-0.jpg,清酒金露大塚醸
po0011050-0-0.jpg,清酒東洋
po0011060-0-0.jpg,清酒金露大塚醸
po0011070-0-0.jpg,日本清酒株式会社
po0011080-0-0.jpg,井谷安次郎
po0011090-0-0.jpg,清酒日本盛
po0011100-0-0.jpg,大塚合名会社吟醸
po0011110-0-0.jpg,キンシ正宗堀野醸
po0011120-0-0.jpg,銘酒初雪小西醸
po0011130-0-0.jpg,石崎合資会社
po0011140-0-0.jpg,正宗
po0011150-0-0.jpg,さくらまさむね
po0011160-0-0.jpg,銘酒白鹿
po0011170-0-0.jpg,清酒白鹿醸造元辰馬総本家
po0011180-0-0.jpg,山邑東京出張所
po0011190-0-0.jpg,正宗の元祖のさくら正宗
po0011200-0-0.jpg,優等清酒
po0011210-0-0.jpg,さくらまさむね
po0011220-0-0.jpg,さくらまさむね
po0011230-0-0.jpg,清酒白鶴
po0011240-0-0.jpg,本嘉納商店
po0011250-0-0.jpg,優等清酒富久娘
po0011260-0-0.jpg,本嘉納商店
po0011270-0-0.jpg,[着物姿で腰板に寄りかかる女性]
po0011280-0-0.jpg,宅合名会社
po0011290-0-0.jpg,宅合名会社
po0011300-0-0.jpg,銀金泉正宗
po0011310-0-0.jpg,清酒月桂冠
po0011320-0-0.jpg,銘酒五稜正宗
po0011330-0-0.jpg,KIKU-MASAMUNE
po0011340-0-0.jpg,銘酒白鹿
po0011350-0-0.jpg,白鹿
po0011360-0-0.jpg,白鹿
po0011370-0-0.jpg,さくらまさむね
po0011380-0-0.jpg,さくらまさむね
po0011390-0-0.jpg,朗らかな醉　飲むなら焼酎
po0011400-0-0.jpg,辰馬総本家
po0011410-0-0.jpg,朗らかな醉　飲むなら焼酎
po0011420-0-0.jpg,キッコウショウ
po0011430-0-0.jpg,一番喜ばれる年末年始御贈答品
po0011440-0-0.jpg,優等清酒桜正宗
po0011450-0-0.jpg,醸造元千葉県野田町茂木佐平治
po0011460-0-0.jpg,山邑太左衛門
po0011470-0-0.jpg,清酒白鶴
po0011480-0-0.jpg,FUKUMUSUME-SAKE
po0011490-0-0.jpg,大日本優等清酒
po0011500-0-0.jpg,明治製糖公司
po0011510-0-0.jpg,カクザトウ
po0011540-0-0.jpg,塩水港製糖株式会社
po0011550-0-0.jpg,塩水港製糖株式会社
po0011560-0-0.jpg,台湾製糖株式会社
po0011570-0-0.jpg,大日本製糖株式会社
po0011580-0-0.jpg,大日本製糖株式会社
po0011590-0-0.jpg,大日本製糖株式会社
po0011600-0-0.jpg,大日本製糖株式会社
po0011610-0-0.jpg,大日本製糖公司
po0011620-0-0.jpg,大日本製糖株式会社
po0011630-0-0.jpg,大日本製糖株式会社
po0011640-0-0.jpg,大日本製糖株式会社
po0011650-0-0.jpg,東亜麺粉公司
po0011660-0-0.jpg,株式会社増田製粉所
po0011670-0-0.jpg,札幌製粉株式会社
po0011680-0-0.jpg,製糖株式会社
po0011750-0-0.jpg,明治製糖株式会社
po0011760-0-0.jpg,アメチヨコ
po0011770-0-0.jpg,バンザイ
po0011780-0-0.jpg,フルヤのウインターキヤラメル
po0011790-0-0.jpg,フルヤのキャラメル
po0011800-0-0.jpg,巴堂
po0011810-0-0.jpg,三度の御飯はタイム式精米にかぎる
po0011820-0-0.jpg,ほうじ茶森永宇治かほる
po0011830-0-0.jpg,精米販売萩原商店
po0011840-0-0.jpg,森永の菓子
po0011850-0-0.jpg,森永の菓子
po0011860-0-0.jpg,水無飴
po0011870-0-0.jpg,水無飴
po0011880-0-0.jpg,君魚焼
po0011890-0-0.jpg,森永ミルク森永ドライミルク
po0011900-0-0.jpg,新案ビスケット元祖栄泉堂
po0011910-0-0.jpg,優良煎茶長寿楽
po0011920-0-0.jpg,森永ココアミルク
po0011930-0-0.jpg,HOT MILP
po0011940-0-0.jpg,強力葡萄糖液状
po0011950-0-0.jpg,森永ミルク
po0011960-0-0.jpg,登録商標きびだんご粉
po0011970-0-0.jpg,二千円大懸賞
po0011980-0-0.jpg,森永ゼリビンズ
po0011990-0-0.jpg,森永ベルトライン
po0012000-0-0.jpg,森永バナナ
po0012010-0-0.jpg,森永コンサート
po0012020-0-0.jpg,グリコアメ
po0012030-0-0.jpg,リグレース．チューインガム
po0012040-0-0.jpg,森永ドロップス
po0012050-0-0.jpg,中外の菓子
po0012060-0-0.jpg,ホマレウェーファース
po0012070-0-0.jpg,ミルクヨーラス
po0012080-0-0.jpg,今村のチョコレートアメ
po0012090-0-0.jpg,カステーラ
po0012350-0-0.jpg,南満州鉄道株式会社
po0012680-0-0.jpg,衛生的改良箱詰潮鮭鱒
po0012690-0-0.jpg,日魯の筋子
po0012700-0-0.jpg,栖原択捉漁場特産箱入鱒
po0012710-0-0.jpg,栖原択捉漁場特産箱入鱒
po0012720-0-0.jpg,日魯の鮭
po0012730-0-0.jpg,FAMOUS GEISHA CRAB MEAT
po0012950-0-0.jpg,北日本汽船株式会社
po0012960-0-0.jpg,小さな生命にも思いやる心を
po0013520-0-0.jpg,近海郵船株式会社　[カレンダー]
po0013740-0-0.jpg,日本輸出主要品番付
po0014000-0-0.jpg,遊ぶ奈良
po0014010-0-0.jpg,鉄道院所管線路図
po0014020-0-0.jpg,鉄道院所管線路図
po0014030-0-0.jpg,鉄道院所屬線路図
po0014040-0-0.jpg,鉄道院所屬線路図
po0014050-0-0.jpg,鉄道院所屬線路図
po0014060-0-0.jpg,商工中心会
po0014070-0-0.jpg,商工中心会
po0014080-0-0.jpg,越後直江津名所案内
po0014090-0-0.jpg,帝国産金
po0014100-0-0.jpg,国産品愛用巡回展覧会
po0014110-0-0.jpg,金山労務者採用
po0014120-0-0.jpg,復興函館産業第一
po0014130-0-0.jpg,北海道庁
po0014140-0-0.jpg,横浜製品宣伝即売会
po0014150-0-0.jpg,鉱業報国
po0014160-0-0.jpg,燃料報国
po0014170-0-0.jpg,聖号
po0014180-0-0.jpg,釧路炭田労務者大募集
po0014190-0-0.jpg,年度末特別貯蓄運動
po0014200-0-0.jpg,歳末特別貯蓄運動
po0014210-0-0.jpg,”増加所得を貯蓄へ”特別貯蓄運動
po0014220-0-0.jpg,自立促進貯蓄運動
po0014230-0-0.jpg,自立促進貯蓄運動
po0014240-0-0.jpg,貯蓄ニュース
po0014250-0-0.jpg,独立記念
po0014260-0-0.jpg,歳末特別貯蓄運動
po0014270-0-0.jpg,貯蓄増強中央委員会
po0014280-0-0.jpg,吹奏楽部演奏会
po0014290-0-0.jpg,8月13日は函館・夜景の日
po0014300-0-0.jpg,10月17日は貯蓄の日
po0014310-0-0.jpg,預貯金は無税
po0014320-0-0.jpg,函館野外劇
po0014330-0-0.jpg,函館国際イカフォーラム
po0014340-0-0.jpg,朝日新聞ニュースマップ
po0014350-0-0.jpg,お隣も貯蓄しています
po0014360-0-0.jpg,水揚代金はひとまず貯蓄へ
po0014370-0-0.jpg,国民貯蓄五兆円達成記念
po0014380-0-0.jpg,明るいくらしは貯蓄から
po0014390-0-0.jpg,貯蓄増強国民運動
po0014400-0-0.jpg,朝日ニュース
po0014410-0-0.jpg,毎日新聞
po0014420-0-0.jpg,時事通信フォトサービス
po0014430-0-0.jpg,毎日新聞
po0014440-0-0.jpg,時事通信フォトサービス
po0014450-0-0.jpg,毎日新聞
po0014460-0-0.jpg,毎日新聞
po0014470-0-0.jpg,時事通信フォトサービス
po0014480-0-0.jpg,時事通信フォトサービス
po0014490-0-0.jpg,時事通信フォトサービス
po0014500-0-0.jpg,時事通信フォトサービス
po0014510-0-0.jpg,世界写真だより
po0014520-0-0.jpg,世界写真だより
po0014530-0-0.jpg,世界写真だより
po0014540-0-0.jpg,朝日新聞ニュースマップ
po0014550-0-0.jpg,朝日新聞ニュースマップ
po0014560-0-0.jpg,朝日新聞ニュースマップ
po0014600-0-0.jpg,ダイヤモンドガソリン
po0014770-0-0.jpg,第一回全国児童栄養週間
po0014780-0-0.jpg,第四回全国児童栄養週間
po0014790-0-0.jpg,児童愛護週間
po0014800-0-0.jpg,乳幼児愛護週間
po0014810-0-0.jpg,第二回方面同情週間
po0014820-0-0.jpg,少年保護記念日
po0014850-0-0.jpg,赤十字デー
po0014870-0-0.jpg,市民講座並青年団幹部講習会
po0014880-0-0.jpg,満蒙問題懸賞論文募集
po0014890-0-0.jpg,成人教育講座
po0015100-0-0.jpg,少年保護記念日
po0015390-0-0.jpg,函館市制記念日
po0015400-0-0.jpg,市制記念日
po0015410-0-0.jpg,市制記念日
po0015500-0-0.jpg,建国祭
po0016010-0-0.jpg,郵便局公債売出し
po0016020-0-0.jpg,勤業債券売出し
po0016030-0-0.jpg,勤業債券売出し
po0016040-0-0.jpg,郵便局にて公債売出し
po0016050-0-0.jpg,郵便局にて公債売出し
po0016060-0-0.jpg,年賀状はお早く
po0016070-0-0.jpg,航空郵便開設
po0016080-0-0.jpg,年賀郵便はお早く
po0016090-0-0.jpg,記念切手とスタンプ
po0016100-0-0.jpg,特別取扱年賀郵便
po0016110-0-0.jpg,年賀郵便の特別取扱
po0016120-0-0.jpg,速達郵便
po0016140-0-0.jpg,慶弔電報
po0016150-0-0.jpg,慶弔電報
po0016160-0-0.jpg,逓信省
po0016170-0-0.jpg,年賀状はお早く
po0016180-0-0.jpg,懸賞募集
po0016190-0-0.jpg,簡易保険
po0016200-0-0.jpg,簡易保険局
po0016210-0-0.jpg,保険金三十億円
po0016220-0-0.jpg,簡易保険
po0016230-0-0.jpg,簡易保険は７００円まではいれます
po0016240-0-0.jpg,簡易保険
po0016250-0-0.jpg,簡易保険事業創始記念日十月一日
po0016260-0-0.jpg,逓信省
po0016270-0-0.jpg,簡易保険の効用
po0016280-0-0.jpg,図書館記念日昭和14年
po0016290-0-0.jpg,図書館記念日
po0016300-0-0.jpg,図書館記念日
po0016310-0-0.jpg,はこだて先住民遺物展
po0016320-0-0.jpg,基督教資料
po0016330-0-0.jpg,図書館デー
po0016340-0-0.jpg,図書館週間
po0016350-0-0.jpg,図書館と博物館週間
po0016360-0-0.jpg,更生第１回函館美術展
po0016370-0-0.jpg,図書館記念日四月二日
po0016380-0-0.jpg,御巡幸記念展
po0016390-0-0.jpg,読書普及運動
po0016400-0-0.jpg,国民精神作興
po0016410-0-0.jpg,図書館と博物館週間
po0016420-0-0.jpg,4月2日第6回図書館記念日
po0016430-0-0.jpg,佐々木平次郎君ヲ推薦ス
po0016440-0-0.jpg,平出喜三郎君へ
po0016450-0-0.jpg,選挙粛正強調週間
po0016460-0-0.jpg,黒住成章
po0016470-0-0.jpg,佐々木平次郎君ヲ推薦ス
po0016480-0-0.jpg,加藤貫一
po0016490-0-0.jpg,林路一
po0016500-0-0.jpg,檀野礼助
po0016510-0-0.jpg,高木益太郎
po0016520-0-0.jpg,選挙粛正棄権防止
po0016530-0-0.jpg,北海道庁警察部
po0016540-0-0.jpg,選挙粛正
po0016550-0-0.jpg,選挙粛正
po0016560-0-0.jpg,水産立国ノ為ニ
po0016570-0-0.jpg,民政党・政友会
po0016580-0-0.jpg,檀野礼助
po0016590-0-0.jpg,立憲民政党本部
po0016600-0-0.jpg,立憲民政黨本部
po0016630-0-0.jpg,TEXAS COMPANY
po0016660-0-0.jpg,青函間貨車航送記念
po0016810-0-0.jpg,標語募集
po0016820-0-0.jpg,日本輸出入主要品番付
po0016900-0-0.jpg,函館区役所
po0016910-0-0.jpg,臨時国勢調査
po0016920-0-0.jpg,臨時国勢調査
po0016930-0-0.jpg,時の記念日
po0016940-0-0.jpg,国勢調査
po0016950-0-0.jpg,国勢調査
po0016980-0-0.jpg,大正十四年国勢調査
po0016990-0-0.jpg,臨時国勢調査
po0017000-0-0.jpg,国勢調査
po0017010-0-0.jpg,GALVER
po0017020-0-0.jpg,セロン
po0017030-0-0.jpg,和洋ボール
po0017040-0-0.jpg,更生ナル硝子ボール
po0017050-0-0.jpg,専売特許国産ハイスパーワニス
po0017060-0-0.jpg,台湾檜
po0017080-0-0.jpg,床敷物にはリノリユーム
po0017090-0-0.jpg,此の建築と衛生陶器
po0017100-0-0.jpg,昭和八年度に竣功の主要建築物
po0017110-0-0.jpg,昭和六年度に竣功の主要建築物
po0017120-0-0.jpg,昭和七年度に竣功の主要建築物
po0017130-0-0.jpg,昭和八年度に竣功の主要建築物
po0017140-0-0.jpg,昭和五年度に竣功の主要建築物
po0017150-0-0.jpg,H.M.C階段辷止金具
po0017160-0-0.jpg,アサヒランプ
po0017170-0-0.jpg,RED LEAD COMPOSITION
po0017180-0-0.jpg,THREE BIRDS
po0017190-0-0.jpg,Shintotoryo
po0017200-0-0.jpg,虹印エナメル
po0017210-0-0.jpg,毬鳥印エナメル
po0017220-0-0.jpg,ハイスパーワニス
po0017230-0-0.jpg,蛍印エナメル
po0017240-0-0.jpg,時の日
po0017250-0-0.jpg,世界稀有山富貴酸化黄
po0017260-0-0.jpg,エバコート
po0017270-0-0.jpg,便利瓦
po0017280-0-0.jpg,水性塗料アゾール
po0017290-0-0.jpg,東洋不動瓦
po0017300-0-0.jpg,函館建具工業組合
po0017310-0-0.jpg,日本トラスコン鋼材株式会社
po0017320-0-0.jpg,商工省補助
po0017330-0-0.jpg,東郷ハガネ
po0017340-0-0.jpg,太陽印平板浪板
po0017350-0-0.jpg,天下一品ハートタイヤ
po0017360-0-0.jpg,ライオン戸車
po0017370-0-0.jpg,川本式ポンプ
po0017380-0-0.jpg,ロールマンチョッパー
po0017390-0-0.jpg,FOX
po0017400-0-0.jpg,内外銘木
po0017410-0-0.jpg,ベンチレーター・エルボー
po0017430-0-0.jpg,"”ALPS,ANIMAL""TRAPS"
po0017440-0-0.jpg,"”ALPS,ANIMAL""TRAPS"
po0017450-0-0.jpg,杉本式針金荷造機
po0017460-0-0.jpg,佐治タイル
po0017590-0-0.jpg,日本出版会推薦図書（第一回）　八月
po0017600-0-0.jpg,日本出版会推薦図書（第二回）　九月
po0017610-0-0.jpg,日本出版会推薦図書（第三回）　十月
po0017620-0-0.jpg,日本出版会推薦図書（第四回）　十一月
po0017630-0-0.jpg,日本出版会推薦図書（第五回）　十二月
po0017640-0-0.jpg,（第六回）　推薦図書　1月
po0017650-0-0.jpg,（第七回）　日本出版会推薦図書　2月
po0017660-0-0.jpg,（第九回）日本出版会　推薦図書　4月
po0017670-0-0.jpg,（第十回）日本出版会　推薦図書　5月
po0017680-0-0.jpg,日本出版文化協会　推薦図書　7月
po0017690-0-0.jpg,日本出版文化協会　推薦図書　8月
po0017700-0-0.jpg,日本出版文化協会　推薦図書　9月
po0017710-0-0.jpg,日本出版文化協会　推薦図書　10月
po0017720-0-0.jpg,日本出版文化協会　推薦図書　11月
po0017730-0-0.jpg,日本出版文化協会　推薦図書　12月
po0017740-0-0.jpg,日本出版文化協会　推薦図書　一月
po0017750-0-0.jpg,日本出版文化協会　推薦図書　二月
po0017760-0-0.jpg,日本出版文化協会　推薦図書　三月
po0017770-0-0.jpg,文部省推薦図書一月
po0017780-0-0.jpg,文部省推薦図書一月
po0017790-0-0.jpg,文部省推薦図書二月
po0017800-0-0.jpg,文部省推薦図書三月
po0017810-0-0.jpg,文部省推薦図書四月
po0017820-0-0.jpg,文部省推薦図書五月
po0017830-0-0.jpg,文部省推薦図書六月
po0017840-0-0.jpg,文部省推薦図書七月
po0017850-0-0.jpg,文部省推薦図書七月　日本出版配給株式会社
po0017860-0-0.jpg,文部省推薦図書八月　日本出版配給株式会社
po0017870-0-0.jpg,文部省推薦図書　八月　日本出版配給株式会社
po0017880-0-0.jpg,文部省推薦図書　九月　日本出版配給株式会社
po0017890-0-0.jpg,文部省推薦図書　九月　日本出版配給株式会社
po0017900-0-0.jpg,文部省推薦図書　十月　日本出版株式会社
po0017910-0-0.jpg,文部省推薦図書　十月　日本出版株式会社
po0017920-0-0.jpg,文部省推薦図書　十一月　日本出版配給株式会社
po0017940-0-0.jpg,文部省推薦図書　十二月　日本出版配給株式会社
po0017950-0-0.jpg,文部省推薦図書　十二月　日本出版配給株式会社
po0017960-0-0.jpg,文部省推薦図書　二月
po0017970-0-0.jpg,文部省推薦図書　四月
po0017980-0-0.jpg,文部省推薦図書　十月　文部省
po0017990-0-0.jpg,文部省推薦図書　三月　文部省
po0018000-0-0.jpg,黒住成章
po0018010-0-0.jpg,黒住成章君
po0018020-0-0.jpg,黒住成章
po0018030-0-0.jpg,神山雄吉
po0018040-0-0.jpg,選挙の心得
po0018050-0-0.jpg,内務省
po0018060-0-0.jpg,北海道庁
po0018070-0-0.jpg,普選
po0018080-0-0.jpg,平出喜三郎
po0018090-0-0.jpg,平出喜三郎君
po0018100-0-0.jpg,平出喜三郎君へ
po0018110-0-0.jpg,平出喜三郎君へ
po0018120-0-0.jpg,立憲民政党本部
po0018130-0-0.jpg,民政党・政友会
po0018140-0-0.jpg,立憲民政党本部
po0018150-0-0.jpg,加藤貫一
po0018160-0-0.jpg,政友会
po0018170-0-0.jpg,立憲政友会
po0018180-0-0.jpg,松野喜内
po0018190-0-0.jpg,貴下の一票は松之喜内へ
po0018200-0-0.jpg,水上嘉一郎
po0018210-0-0.jpg,神山雄吉
po0018220-0-0.jpg,水上嘉一郎
po0018230-0-0.jpg,地租委譲！
po0018240-0-0.jpg,寺部頼助
po0018250-0-0.jpg,五来欣造
po0018260-0-0.jpg,中川原貞機
po0018270-0-0.jpg,中川原貞機
po0018290-0-0.jpg,高木益太郎
po0018300-0-0.jpg,安部磯雄
po0018310-0-0.jpg,黒住成章君
po0018320-0-0.jpg,佐々木平次郎君ヲ推薦ス
po0018330-0-0.jpg,佐々木平次郎君ヲ推薦ス
po0018340-0-0.jpg,東武君
po0018350-0-0.jpg,東武君へ！
po0018360-0-0.jpg,吾等の代表東武君へ！
po0018370-0-0.jpg,檀野礼助
po0018380-0-0.jpg,檀野礼助
po0018390-0-0.jpg,檀野礼助君
po0018400-0-0.jpg,林路一
po0018410-0-0.jpg,三井徳寳君
po0018420-0-0.jpg,三井徳宝
po0018430-0-0.jpg,三井徳宝先生
po0018440-0-0.jpg,三井徳宝推薦
po0018450-0-0.jpg,三井徳宝君応援演説会
po0018460-0-0.jpg,生徒募集横浜専門学校
po0018470-0-0.jpg,生徒募集横浜専門学校
po0018480-0-0.jpg,横浜専門学校給費生募集
po0018490-0-0.jpg,生徒募集横浜専門学校
po0018500-0-0.jpg,生徒募集岐阜薬学専門学校
po0019010-0-0.jpg,海軍志願兵募集
po0019020-0-0.jpg,昭和十一年学生募集
po0019030-0-0.jpg,東京大東文化学院
po0019040-0-0.jpg,生徒募集
po0019050-0-0.jpg,東京大東文化学院
po0019060-0-0.jpg,航空機機関生徒募集
po0019070-0-0.jpg,生徒募集
po0019080-0-0.jpg,官立富山薬学専門学校
po0019090-0-0.jpg,名古屋薬学専門学校生徒募集
po0019100-0-0.jpg,学生募集
po0019110-0-0.jpg,学生募集
po0019120-0-0.jpg,生徒募集
po0019130-0-0.jpg,昭和十二年立教大学
po0019140-0-0.jpg,昭和十一年立教大学
po0019150-0-0.jpg,海軍少年航空兵募集
po0019160-0-0.jpg,航空機機関生募集
po0019170-0-0.jpg,生徒募集
po0019180-0-0.jpg,三田英語学校
po0019190-0-0.jpg,ともえ幼稚園
po0019200-0-0.jpg,東京市下谷商業学校生徒募集
po0019210-0-0.jpg,公立岐阜薬学専門学校
po0019220-0-0.jpg,横浜関東学院高等商業部
po0019230-0-0.jpg,生徒募集
po0019240-0-0.jpg,会員大募集
po0019250-0-0.jpg,同志社大学予科学生募集
po0019260-0-0.jpg,昭和医学専門学校生徒募集
po0019270-0-0.jpg,高松高等商業学校
po0019280-0-0.jpg,関東学院高等商業部
po0019290-0-0.jpg,生徒募集
po0019300-0-0.jpg,官立富山薬学専門学校
po0019310-0-0.jpg,巣鴨高等商業学校
po0019320-0-0.jpg,官立富山薬学専門学校
po0019330-0-0.jpg,独逸語講習会
po0019340-0-0.jpg,生徒募集
po0019350-0-0.jpg,生徒募集
po0019360-0-0.jpg,横浜専門学校
po0019370-0-0.jpg,官立富山薬学専門学校
po0019380-0-0.jpg,官立富山薬学専門学校
po0019390-0-0.jpg,官立富山薬学専門学校
po0019400-0-0.jpg,航空機機関生募集
po0019410-0-0.jpg,学生募集
po0019420-0-0.jpg,巣鴨高等商業学校
po0019430-0-0.jpg,生徒募集
po0019440-0-0.jpg,上田蠶絲専門学校
po0019450-0-0.jpg,中等学校懸賞論文大募集
po0019460-0-0.jpg,高崎高等農林学校
po0019470-0-0.jpg,公立大邱医学専門学校
po0019480-0-0.jpg,第三拓殖訓練所
po0019490-0-0.jpg,立教大学
po0019500-0-0.jpg,岐阜薬学専門学校
po0019510-0-0.jpg,文部省直轄富山薬学専門学校
po0019520-0-0.jpg,文部省直轄富山薬学専門学校
po0019530-0-0.jpg,立教大学学生募集
po0019540-0-0.jpg,新宿高等予備校
po0019550-0-0.jpg,立教大学学生募集
po0019560-0-0.jpg,海外学校
po0019570-0-0.jpg,夜間中学
po0019580-0-0.jpg,中野高等無線電信学校
po0019590-0-0.jpg,昭和医学専門学校
po0019600-0-0.jpg,明治学院生徒募集
po0019610-0-0.jpg,大東文化学院
po0019620-0-0.jpg,専修大学
po0019640-0-0.jpg,高圧線
po0019670-0-0.jpg,二大名作新版封切
po0019680-0-0.jpg,永遠の戦場
po0019690-0-0.jpg,キングコング
po0019710-0-0.jpg,マヅルカ
po0019720-0-0.jpg,国定忠次
po0019730-0-0.jpg,召集令
po0019750-0-0.jpg,貞操問答
po0019770-0-0.jpg,福島競馬
po0019780-0-0.jpg,嵐の三色旗
po0019790-0-0.jpg,月形半平太
po0019800-0-0.jpg,子は誰のもの
po0019810-0-0.jpg,真実一路大会
po0019820-0-0.jpg,宝の山
po0019830-0-0.jpg,悪魔の人形
po0019840-0-0.jpg,大都会の戦慄
po0019850-0-0.jpg,泣虫小僧
po0019860-0-0.jpg,大森林
po0019870-0-0.jpg,新版ベンガルの槍騎兵
po0019880-0-0.jpg,血の敵
po0019890-0-0.jpg,奴隷船
po0019900-0-0.jpg,母の曲
po0019910-0-0.jpg,オーケストラの少女
po0019920-0-0.jpg,武?少年
po0019930-0-0.jpg,リゴレット
po0019940-0-0.jpg,不良青年
po0019950-0-0.jpg,良人の貞操大会
po0019960-0-0.jpg,君と踊れば
po0019970-0-0.jpg,ジーグフェルド
po0019980-0-0.jpg,母の曲
po0019990-0-0.jpg,銀映座欧州名画祭
po0020000-0-0.jpg,びっくり人生
po0020010-0-0.jpg,鶯
po0020020-0-0.jpg,颱風
po0020030-0-0.jpg,エノケンの法界坊
po0020040-0-0.jpg,風車
po0020050-0-0.jpg,巨人伝
po0020060-0-0.jpg,生きてゐるモレア
po0020070-0-0.jpg,エノケンの風来坊
po0020080-0-0.jpg,勝閧
po0020100-0-0.jpg,十字砲火
po0020110-0-0.jpg,赤ちゃん
po0020120-0-0.jpg,上海
po0020150-0-0.jpg,空中世界一周
po0020160-0-0.jpg,鴛鴦道中
po0020170-0-0.jpg,大岡政談魔像
po0020180-0-0.jpg,続水戸黄門廻国記
po0020190-0-0.jpg,目撃者
po0020200-0-0.jpg,槍の権三
po0020210-0-0.jpg,支那海
po0020220-0-0.jpg,白銀の嵐
po0020230-0-0.jpg,まごヽろ万歳
po0020240-0-0.jpg,令嬢殺し犯人
po0020250-0-0.jpg,子は誰のもの
po0020260-0-0.jpg,無法者銀平
po0020270-0-0.jpg,鞍馬天狗
po0020280-0-0.jpg,路傍の石
po0020290-0-0.jpg,山嶽流騎隊
po0020300-0-0.jpg,雲霧仁■ヱ門前后篇大会
po0020310-0-0.jpg,大江戸の魔剣
po0020320-0-0.jpg,大菩薩峠
po0020330-0-0.jpg,火の夜
po0020340-0-0.jpg,人間大砲
po0020350-0-0.jpg,子供の世界
po0020360-0-0.jpg,椿姫
po0020370-0-0.jpg,サラトガ
po0020380-0-0.jpg,スパイ戦線を衝く
po0020390-0-0.jpg,番町皿屋敷
po0020410-0-0.jpg,大地
po0020420-0-0.jpg,人の気も知らないで
po0020440-0-0.jpg,大阪夏の陣
po0020470-0-0.jpg,寿々木米若
po0020530-0-0.jpg,テキサス決死隊
po0020540-0-0.jpg,わが母の書
po0020550-0-0.jpg,夜の空を行く
po0020560-0-0.jpg,禁男の家
po0020570-0-0.jpg,人類一億年の曝露
po0020580-0-0.jpg,夕陽特急
po0020590-0-0.jpg,若葉の夢
po0020600-0-0.jpg,男の償ひ大会
po0020610-0-0.jpg,失はれた地平線
po0020620-0-0.jpg,姿なき侵入者
po0020630-0-0.jpg,南方飛行
po0020640-0-0.jpg,風の女王
po0020650-0-0.jpg,姫君海を渡る
po0020660-0-0.jpg,鼻唄お嬢さん
po0020670-0-0.jpg,テムプルちゃんの上海脱出
po0020680-0-0.jpg,踊る不夜城
po0020690-0-0.jpg,大地
po0020700-0-0.jpg,静御前
po0020710-0-0.jpg,鎧なき騎士
po0020720-0-0.jpg,スパイ戦線を衝く
po0020730-0-0.jpg,姫君海を渡る
po0020740-0-0.jpg,スタア誕生
po0020750-0-0.jpg,間諜最後の日
po0020760-0-0.jpg,半処女
po0020770-0-0.jpg,愛染かつら
po0020780-0-0.jpg,炎の詩
po0020790-0-0.jpg,故郷の廃家
po0020800-0-0.jpg,永遠に愛せよ
po0020810-0-0.jpg,第一線の人々
po0020820-0-0.jpg,日本人大会
po0020830-0-0.jpg,花籠の歌
po0020840-0-0.jpg,わが家に母あれ
po0020850-0-0.jpg,大地の妻
po0020860-0-0.jpg,唐人お吉
po0020870-0-0.jpg,悪太郎
po0020880-0-0.jpg,第九交響曲
po0020890-0-0.jpg,暗黒街の顔役
po0020900-0-0.jpg,美枝子の兄
po0020910-0-0.jpg,新しき土
po0020920-0-0.jpg,母の歌
po0020930-0-0.jpg,頑張り娘
po0021000-0-0.jpg,太平洋横断
po0021150-0-0.jpg,出発
po0021180-0-0.jpg,シバタ本部
po0021190-0-0.jpg,北海道庁主催拓殖博覧会
po0021340-0-0.jpg,津軽民謡新興団第一部第二部合同
po0021350-0-0.jpg,波止場
po0021360-0-0.jpg,はこだて　[函館観光ポスター]
po0021520-0-0.jpg,函館・夏浪漫　[函館観光ポスター]
po0021550-0-0.jpg,レトロ函館　[函館観光ポスター]
po0021560-0-0.jpg,流れ星　[函館観光ポスター]
po0021600-0-0.jpg,北極星　[函館観光ポスター]
po0021610-0-0.jpg,はこだて　[函館観光ポスター]
po0021620-0-0.jpg,夜景　[函館観光ポスター]
po0021630-0-0.jpg,教会　[函館観光ポスター]
po0021640-0-0.jpg,朝の波止場　[函館観光ポスター]
po0021660-0-0.jpg,開港百二十年記念　函館港まつり
po0021730-0-0.jpg,教会
po0021740-0-0.jpg,カトリック教会　[函館観光ポスター]
po0021750-0-0.jpg,函館港まつり　開港125年記念
po0021760-0-0.jpg,函館港まつり　開港124年記念
po0021770-0-0.jpg,八幡坂フォト　[函館観光ポスター]
po0021800-0-0.jpg,トラピスチヌ修道院裏　[函館観光ポスター]
po0021810-0-0.jpg,トラピスチヌ修道院
po0021820-0-0.jpg,教会　[函館観光ポスター]
po0021830-0-0.jpg,HAKODATE
po0021840-0-0.jpg,教会
po0021850-0-0.jpg,教会
po0021890-0-0.jpg,夕暮れのBAYエリア　[函館観光ポスター]
po0021900-0-0.jpg,冬の夜景　[函館観光ポスター]
po0021940-0-0.jpg,北海道の民俗芸能　開拓記念館特別展
po0021970-0-0.jpg,トラピスチヌ　[函館観光ポスター]
po0021980-0-0.jpg,冬の八幡坂　[函館観光ポスター]
po0021990-0-0.jpg,教会　[函館観光ポスター]
po0022000-0-0.jpg,函館観光　２０００年の夜明け　[函館観光ポスター]
po0022030-0-0.jpg,’99青年センターフェスティバル
po0022070-0-0.jpg,第9回パイセス年次会合開催記念市民講演会・海洋科学展
po0022080-0-0.jpg,函館市交通安全
po0022130-0-0.jpg,水道局　水抜き　平成6年度版
po0022140-0-0.jpg,水道局　水資源　平成11年度版
po0022160-0-0.jpg,水道局　下水道　平成14年度版
po0022180-0-0.jpg,水道局　水抜き　平成11年度版
po0022200-0-0.jpg,函館市交通局
po0022220-0-0.jpg,水道局　水資源　平成12年度版
po0022230-0-0.jpg,水道局　水抜き平成12年度
po0022240-0-0.jpg,水道局　水資源平成13年度
po0022250-0-0.jpg,水道局　下水道　平成13年度版
po0022260-0-0.jpg,水道局　水抜き平成13年度版
po0022270-0-0.jpg,水道局　水抜き平成14年度版
po0022280-0-0.jpg,水道局　水資源　平成14年度版
po0022290-0-0.jpg,水道局　下水道　平成14年度版
po0022300-0-0.jpg,水道局　下水道　平成15年度版
po0022310-0-0.jpg,水道局　水資源　平成15年度版
po0022330-0-0.jpg,2002函館ハーフマラソン大会交通規制
po0022360-0-0.jpg,平成13年度特別展幕末の箱館と幻の陶磁器展
po0022370-0-0.jpg,イタリア静物画展
po0022420-0-0.jpg,中央卸売市場感謝デー
po0022440-0-0.jpg,函館港まつり　開港144周年
po0022480-0-0.jpg,中原淳一展
po0022490-0-0.jpg,クリスマスコンサート
po0022500-0-0.jpg,RED北海道ツアー　
po0022510-0-0.jpg,2003函館ハーフマラソン大会
po0022520-0-0.jpg,2003　函館アカデミックフォーラム
po0022530-0-0.jpg,歌劇　愛の妙薬　
po0022540-0-0.jpg,はこだてオートキャンプ場
po0022550-0-0.jpg,第15回市民健康まつり
po0022560-0-0.jpg,下水道の日
po0022570-0-0.jpg,横綱の里フェスティバル
po0022580-0-0.jpg,函館港まつり開港141周年
po0022590-0-0.jpg,市民健康まつり　平成13年度
po0022640-0-0.jpg,ブルーウェーブVSバファローズ　パ・リーグ公式戦
po0022650-0-0.jpg,高田屋嘉兵衛　[カレンダー]
po0022660-0-0.jpg,函館港まつり142周年
po0022670-0-0.jpg,第14回野外劇
po0022680-0-0.jpg,北洋資料館
po0022690-0-0.jpg,横綱の里フェスティバル
po0022700-0-0.jpg,花と緑のフェスティバル2001
po0022710-0-0.jpg,祝祭・国際モーツァルトin北海道2001
po0022720-0-0.jpg,日本の美とこころ　函館美術館
po0022730-0-0.jpg,はこだてオートキャンプ場
po0022740-0-0.jpg,中央卸売市場感謝デー
po0022750-0-0.jpg,いきいき住まいづくりフェア２０００
po0022760-0-0.jpg,市民健康まつり　平成12年度
po0022770-0-0.jpg,2001年選挙啓発カレンダー
po0022780-0-0.jpg,環境部リサイクル
po0022790-0-0.jpg,健康づくり２１市民フォーラム
po0022800-0-0.jpg,函館市市制施行80周年　[カレンダー]
po0022810-0-0.jpg,ミスはこだて募集
po0022820-0-0.jpg,はこだて博物史
po0022830-0-0.jpg,極東ロシアのモダニズム
po0022840-0-0.jpg,市民健康まつり
po0022850-0-0.jpg,はこだてオートキャンプ場
po0022860-0-0.jpg,第3回函館港花火大会
po0022870-0-0.jpg,特別展　豪商　高田屋嘉兵衛
po0022880-0-0.jpg,横綱の里フェスティバル第16回
po0022890-0-0.jpg,第8回市民健康まつり保健所まつり
po0022900-0-0.jpg,みなとウォークラリー平成12年度
po0022910-0-0.jpg,札幌市中央図書館所蔵品展
po0022920-0-0.jpg,横綱の里ふくしま
po0022930-0-0.jpg,はこだて生涯学習フェスティバル
po0022940-0-0.jpg,ふくしま歴史名所双六
po0022950-0-0.jpg,子育て応援
po0022960-0-0.jpg,リサイクルフェスティバル2000
po0022970-0-0.jpg,第10回記念2000函館ハーフマラソン大会
po0023010-0-0.jpg,今できることからはじめよう！ごみ減量
po0023040-0-0.jpg,中央卸売市場活性化
po0023420-0-0.jpg,函館戦後50年
po0023440-0-0.jpg,第3回札幌国際デザイン賞作品募集
po0023470-0-0.jpg,函館図書館週間
po0023480-0-0.jpg,函館図書館週間
po0023490-0-0.jpg,今月の文部省推薦図書
po0023500-0-0.jpg,図書館週間
po0023510-0-0.jpg,HAKODATEの社会教育運動
po0023520-0-0.jpg,時事問題と近代
po0023530-0-0.jpg,全日本博物館週間
po0023540-0-0.jpg,全国博物館週間
po0023550-0-0.jpg,函館図書館週間
po0023560-0-0.jpg,復興建築材料展
po0023570-0-0.jpg,図書館と博物館週間行事
po0023580-0-0.jpg,全日本博物館週間
po0023590-0-0.jpg,今月の文部省推薦図書
po0023630-0-0.jpg,市立函館図書館週間
po0023650-0-0.jpg,図書館週間
po0023660-0-0.jpg,秋田図書館図書館週間
po0023680-0-0.jpg,図書館週間
po0023690-0-0.jpg,石川県図書館週間
po0023700-0-0.jpg,接遇資料展覧会
po0023710-0-0.jpg,東京市立図書館標語
po0023720-0-0.jpg,図書館週間
po0023730-0-0.jpg,今月の文部省推薦図書
po0023740-0-0.jpg,秋田県図書館週間
po0023750-0-0.jpg,読書週間
po0023770-0-0.jpg,山梨図書館週間
po0023780-0-0.jpg,朝鮮図書館週間
po0023790-0-0.jpg,読書週間
po0023800-0-0.jpg,図書館週間
po0023810-0-0.jpg,山梨県図書館週間
po0023820-0-0.jpg,山形県読書週間
po0023830-0-0.jpg,信仰と迷信の展覧会
po0023840-0-0.jpg,郷土勤皇事績展覧会
po0023850-0-0.jpg,移動図書館
po0023880-0-0.jpg,図書館と博物館週間行事
po0023900-0-0.jpg,今月の文部省推薦図書
po0023910-0-0.jpg,今月の文部省推薦図書
po0023920-0-0.jpg,電気科学館
po0023930-0-0.jpg,神戸市立図書館児童室（階上）平面図
po0023940-0-0.jpg,図書館週間
po0023950-0-0.jpg,秋田図書館週間
po0023960-0-0.jpg,臨海文庫
po0023970-0-0.jpg,戊辰勤王七十年記念祭
po0023980-0-0.jpg,全国一斉図書館週間
po0023990-0-0.jpg,石川県　読書週間
po0024000-0-0.jpg,緑蔭文庫
po0024010-0-0.jpg,大原幽学先生遺墨遺品展覧会
po0024020-0-0.jpg,図書館週間
po0024030-0-0.jpg,埼玉県図書館デー
po0024040-0-0.jpg,埼玉県図書館デー
po0024050-0-0.jpg,東京市図書館週間
po0024060-0-0.jpg,埼玉県図書館デー
po0024070-0-0.jpg,山梨県図書館週間
po0024080-0-0.jpg,図書館週間
po0024090-0-0.jpg,今月の文部省推薦図書
po0024100-0-0.jpg,図書館記念日四月二日
po0024110-0-0.jpg,小樽図書館週間
po0024120-0-0.jpg,福岡県読書週間
po0024130-0-0.jpg,台湾博物館週間
po0024140-0-0.jpg,第二十五回全国図書館大会
po0024150-0-0.jpg,朝鮮全国一斉図書館週間
po0024160-0-0.jpg,富山県図書館週間
po0024170-0-0.jpg,石川県読書週間
po0024180-0-0.jpg,千葉県読書週間
po0024190-0-0.jpg,岩手県図書館週間
po0024200-0-0.jpg,台湾図書館週間
po0024210-0-0.jpg,石川県図書館週間
po0024220-0-0.jpg,石川県図書館週間
po0024230-0-0.jpg,図書館週間
po0024240-0-0.jpg,石川県図書館週間
po0024250-0-0.jpg,図書館週間
po0024260-0-0.jpg,図書館週間
po0024270-0-0.jpg,秋田県立秋田図書館
po0024280-0-0.jpg,朝鮮図書館週間
po0024290-0-0.jpg,台湾図書館週間
po0024300-0-0.jpg,山形県図書館週間
po0024310-0-0.jpg,長崎県図書館週間
po0024320-0-0.jpg,台湾図書館週間
po0024330-0-0.jpg,読書週間
po0024340-0-0.jpg,読書週間
po0024350-0-0.jpg,移動文庫
po0024360-0-0.jpg,外山滋ヴァイオリン演奏会
po0024370-0-0.jpg,関西学院グリークラブ　合唱演奏会
po0024380-0-0.jpg,大谷冽子　ソプラノ独唱会
po0024390-0-0.jpg,労音　６月例会
po0024400-0-0.jpg,グランドトリオの夕
po0024430-0-0.jpg,スタア誕生
po0024440-0-0.jpg,1959教育映画祭
po0024460-0-0.jpg,宮中雅楽初公開
po0024470-0-0.jpg,プロムジカ弦楽四十奏曲演奏会
po0024490-0-0.jpg,武蔵野音楽大学演奏会
po0024500-0-0.jpg,ゲルハルト・ヒユッシュ独唱会
po0024510-0-0.jpg,三国バレー発表会
po0024520-0-0.jpg,北大グリーコール演奏会
po0024530-0-0.jpg,岩本真理ヴァイオリン演奏会
po0024540-0-0.jpg,1957教育映画祭
po0024550-0-0.jpg,NHK交響楽団特別演奏会
po0024560-0-0.jpg,NHK交響楽団特別演奏会
po0024570-0-0.jpg,諏訪根自子ヴァイオリン演奏会
po0024580-0-0.jpg,ギリシャ政府派遣音楽使節による演奏会
po0024590-0-0.jpg,岩本真理ヴァイオリン独奏会
po0024600-0-0.jpg,天理高校吹奏楽部演奏会
po0024610-0-0.jpg,中央大学マンドリンクラブ函館演奏会
po0024630-0-0.jpg,文楽
po0024640-0-0.jpg,ロメオとジュリエット
po0024660-0-0.jpg,函館総合卸見本市
po0024680-0-0.jpg,エール大学グリークラブ演奏会
po0024690-0-0.jpg,ロスアンゼルス交響楽団
po0024700-0-0.jpg,第24回音楽コンクール受賞者発表演奏会
po0024710-0-0.jpg,ウィーン・フィルハーモニー特別演奏会
po0024740-0-0.jpg,ピアノ演奏会原智恵子
po0024750-0-0.jpg,第27回三国バレエ発表会
po0024770-0-0.jpg,花荻先生と三太
po0024780-0-0.jpg,グリーンコンサート
po0024820-0-0.jpg,小樽総合見本市
po0024850-0-0.jpg,春日八郎ショウ
po0024870-0-0.jpg,ＨＡＫＯＤＡＴＥ
po0024880-0-0.jpg,ＨＡＫＯＤＡＴＥ
po0024890-0-0.jpg,メサイヤ演奏会
po0024900-0-0.jpg,1955年教育映画祭
po0024930-0-0.jpg,ソ連音楽２つの名花同時公演
po0024980-0-0.jpg,CIE図書館
po0025000-0-0.jpg,ベートーベンの生涯
po0025060-0-0.jpg,らくだの夕
po0025070-0-0.jpg,第6回英語劇の夕　ピグマリオン
po0025090-0-0.jpg,NHK交響楽団特別演奏会
po0025170-0-0.jpg,東京大学男声ダブルカルテットオクトパス演奏会
po0025190-0-0.jpg,全函館大合唱祭
po0025200-0-0.jpg,第9回函館市公民館少年少女絃楽合奏団
po0025210-0-0.jpg,HBCジュニアコンサート
po0025220-0-0.jpg,第13回全函館吹奏楽祭
po0025230-0-0.jpg,第1回定期演奏会函館吹奏楽団
po0025240-0-0.jpg,第6回全函館吹奏楽合同演奏会
po0025250-0-0.jpg,第8回全函館吹奏楽合同演奏会
po0025260-0-0.jpg,第14回全函館大合唱祭
po0025270-0-0.jpg,東京コラリアーズ
po0025280-0-0.jpg,東北大学男声合唱団演奏会
po0025290-0-0.jpg,第6回ヴアイオリン祭
po0025300-0-0.jpg,歳末たすけあい協賛クリスマス音楽会
po0025310-0-0.jpg,吹奏楽合同演奏会
po0025320-0-0.jpg,第11回函館市民文化祭音楽祭
po0025330-0-0.jpg,第15回全函館大合唱祭
po0025340-0-0.jpg,第16回全函館大合唱祭
po0025350-0-0.jpg,ワグネルソサィエティー演奏会
po0025370-0-0.jpg,諏訪根自子リサイタル
po0025380-0-0.jpg,掲示についてお願い
po0025390-0-0.jpg,只野ポンチ　軽笑楽劇隊
po0025400-0-0.jpg,東京大学オーケストラ
po0050940-0-0.jpg,梁川剛一　挿し絵原画展
po0052340-0-0.jpg,平成二四年度市立函館博物館企画展　函館の麦酒
po0052920-0-0.jpg,平成二四年度市立博物館企画展　写された幕末・明治の函館
po0053610-0-0.jpg,2013市立函館博物館企画展　函館商人の人生模様
po0056030-0-0.jpg,1996特別企画展　函館の自然詩
po0056270-0-0.jpg,函館市制施行70周年特別企画展〈函館日米協会再発足1周年記念〉　箱館開港とペリーの足跡
po0056380-0-0.jpg,特別展　北への道
po0056400-0-0.jpg,1988特別企画展　THE HAKODADI
po0056630-0-0.jpg,1992特別展　描かれた箱館五稜郭
po0056660-0-0.jpg,1992特別企画展　大むかしの函館
po0057640-0-0.jpg,特別展　箱館海戦記
po0002070-0-0.jpg,新入学（園）児童を交通事故から守りましょう　4月1日～4月30日
po0054400-0-0.jpg,平成23年度企画展　描かれた箱館戦争　幕末の動乱と蝦夷地への道
po0055200-0-0.jpg,函館市縄文文化交流センターオープン記念ロビー展　現代に息づく縄文文化　亀ヶ岡焼－一戸広臣の世界－
po0055890-0-0.jpg,1996特別展　幕末の箱館
po0058030-0-0.jpg,2009特別展　みなとHAKODADIハイカラ展
po0058290-0-0.jpg,北洋博ニュース　開催中…8月31日まで函館
po0059040-0-0.jpg,新島襄と幕末の箱館　平成25年度市立函館博物館企画展
po0059930-0-0.jpg,平成21年度中空土偶展　国宝中空土偶と函館の文化財
po0060220-0-0.jpg,港祭記念郷土文化展覧会
po0060470-0-0.jpg,賀新年　明治三十七年略暦
po0060650-0-0.jpg,現代書と墨・硯　函館の五人展
po0060960-0-0.jpg,懸賞当選標語
po0061200-0-0.jpg,養鶏界空前の催し　全国養鶏大会　
po0061280-0-0.jpg,電気安全月間
po0061310-0-0.jpg,みんなで節電致しましょう
po0061360-0-0.jpg,平和記念東京博覧会
po0061380-0-0.jpg,衛生的改良箱詰塩鮭鱒
po0061660-0-0.jpg,2004特別企画展　ペリー箱館来航150年
po0061800-0-0.jpg,第14回　さっぽろ雪まつり
po0061810-0-0.jpg,第14回　さっぽろ雪まつり
po0062040-0-0.jpg,北洋博　芸能ニュース　提供[丸井]今井
po0062050-0-0.jpg,北洋博　芸能ニュース　［ボーニ］森屋提供
po0062060-0-0.jpg,北洋博　芸能ニュース　札幌酒精工業株式会社提供
po0062070-0-0.jpg,北洋博　催物ニュース　川守田商店提供
po0062080-0-0.jpg,北洋博　催物ニュース　提供［丸井］今井
po0062090-0-0.jpg,北洋博　催物ニュース
po0062100-0-0.jpg,北洋博福引付前売入場券発売中
po0062110-0-0.jpg,信州善光寺出開帳尼公上人御親修大法要
po0062130-0-0.jpg,北洋博ポスター図案コンテスト
po0062150-0-0.jpg,ポンと…100万円豪華抽せん付　北洋博前売券発売中
po0062160-0-0.jpg,記念発売　北洋音頭
po0062170-0-0.jpg,北洋博　催物ニュース　［ボーニ］森屋提供
po0062280-0-0.jpg,口腔衛生週間　紳士淑女のエチケット　歯のクリーニング
po0062320-0-0.jpg,函館大火20周年　想い起せよ昭和9年3月21日
po0062360-0-0.jpg,初心者のためのスポーツ教室
po0062390-0-0.jpg,みんなの町をきれいにしよう
po0062530-0-0.jpg,昭和三十二年［カレンダー］
po0062610-0-0.jpg,昭和27年［カレンダー］
po0062620-0-0.jpg,昭和二十八年癸巳平年［カレンダー］
po0062650-0-0.jpg,大沼国定公園　1962［カレンダー］
po0062670-0-0.jpg,生れ変った小包料金
po0062800-0-0.jpg,つゝしみの日　三月二十一日大火災記念行事
po0062810-0-0.jpg,火災を無くしましょう！　函館大火24周年火災をなくする運動
po0062840-0-0.jpg,総合文化雑誌　海峡
po0062850-0-0.jpg,第5回全日本切手展　函館地区展
po0062870-0-0.jpg,1955年［カレンダー］
po0062930-0-0.jpg,刑務所製品展示即売会
po0062940-0-0.jpg,刑務所製品展示即売会
po0062950-0-0.jpg,刑務所製品展示即売会
po0062990-0-0.jpg,刑務所製作品展示即売会
po0063000-0-0.jpg,刑務所作業製品展示即売会
po0017470-0-0.jpg,歳末特別貯蓄運動　生活に希望と力を生む貯蓄
po0017480-0-0.jpg,貯蓄増強国民運動　貯蓄は明日への力
po0017490-0-0.jpg,明るいくらしは貯蓄から
po0017500-0-0.jpg,安定した繁栄を続けるために　あなたの節約で輸入をへらし　あなたの貯蓄で輸出をふやす
po0017510-0-0.jpg,収入の一割は貯蓄しましょう
po0017520-0-0.jpg,お手もとの現金はひとまず貯蓄
po0017530-0-0.jpg,お手もとの現金はひとまず貯蓄しましょう
po0017540-0-0.jpg,減税を明るいくらしの設計に
po0017550-0-0.jpg,臨時季節収入はひとまず貯蓄
po0017560-0-0.jpg,歳末特別貯蓄運動　手もとの現金はひとまず貯蓄しましょう
po0063010-0-0.jpg,刑務所作業製品展示即売会
po0063040-0-0.jpg,郵便案内
po0063070-0-0.jpg,観光切手と風景スタンプ展
po0063140-0-0.jpg,新憲法施行三周年記念行事
po0063190-0-0.jpg,第11回読書感想文公募
po0063200-0-0.jpg,第10回読書感想文コンクール
po0063220-0-0.jpg,第9回読書感想文コンクール
po0063230-0-0.jpg,第6回読書週間感想文コンクール
po0063240-0-0.jpg,第7回読書週間感想文コンクール
po0063250-0-0.jpg,第8回読書週間感想文コンクール
po0063260-0-0.jpg,昭和35年度読書週間記念　第3回函館市読書感想文コンクール
po0063300-0-0.jpg,昭和33年度読書週間記念　第1回函館市読書感想文コンクール
po0063310-0-0.jpg,第2回父の日、母の日、記念感想文・詩公募
po0063320-0-0.jpg,日本歴史をよむ会
po0063340-0-0.jpg,啄木展
po0063370-0-0.jpg,第15回函館市成人祭記念　感想文と標語の公募
po0063380-0-0.jpg,第16回函館市成人祭記念　感想文と標語の公募
po0063390-0-0.jpg,第十七回函館市成人祭記念　感想文と標語の公募
po0063400-0-0.jpg,第十八回函館市成人祭記念　感想文の募集
po0063410-0-0.jpg,昭和23年度　開道八十周年記念文化祭
po0063440-0-0.jpg,市立函館図書館・市立ハリファックス地方図書館姉妹提携調印式
po0063560-0-0.jpg,NHK函館教育テレビジョン局開局記念　文化講演会
po0063770-0-0.jpg,楽しい良い子の移動動物園
po0063780-0-0.jpg,函館山三十三観音遷座法要
po0063790-0-0.jpg,レクリエーションの夕
po0063800-0-0.jpg,市民氷上カーニバル
po0063810-0-0.jpg,国連デー記念　講演と映画の夕
po0063820-0-0.jpg,1965年北海道教育映画祭　優秀教育映画上映の夕
po0063840-0-0.jpg,和倉温泉空前のアイヌ熊祭
po0063960-0-0.jpg,函館営林局創設5周年記念　森林文化展
po0064030-0-0.jpg,江戸時代後期絵画名作
po0064040-0-0.jpg,母の日記念　第8回感想文（詩・作文）募集
po0064050-0-0.jpg,母の日記念　第7回感想文（詩・作文）募集
po0064060-0-0.jpg,第10回母の日記念感想文・詩　公募
po0064070-0-0.jpg,第9回母の日記念感想文公募
po0064080-0-0.jpg,母の日記念　第12回感想文詩作文募集
po0064110-0-0.jpg,室町時代絵画展
po0064230-0-0.jpg,文化祭
po0064260-0-0.jpg,港まつりアイヌ絵画展覧会
po0064310-0-0.jpg,地方自治振興青年弁論大会　渡島函館地区地方予選
po0064340-0-0.jpg,カトリック講演会
po0064370-0-0.jpg,朝鮮動乱のニュース映画と講演会
po0064400-0-0.jpg,宗教講演会
po0064430-0-0.jpg,北海道教育委員会委員選挙
po0064440-0-0.jpg,普選30周年　婦人参政10周年　記念　選挙人名簿をご覧下さい
po0064460-0-0.jpg,衆議院議員総選挙　最高裁判所裁判官国民審査　正しい政治は公明選挙から　
po0064470-0-0.jpg,衆議院議員総選挙　最高裁判所裁判官国民審査　公明選挙　正しい政治　住みよい日本
po0064480-0-0.jpg,近ずく!!教育委員選挙　十月五日一せい投票
po0064490-0-0.jpg,来るべき総選挙　教育委員選挙
po0064510-0-0.jpg,総選挙　十月五日　教育委員会法公布　昭和二十三年十一月一日から発足
po0064530-0-0.jpg,北海道教育委員会委員選挙
po0064560-0-0.jpg,選挙　衆議院議員総選挙　参議院議員通常選挙
po0064620-0-0.jpg,公明選挙　衆議院議員総選挙　最高裁判所裁判官国民審査　あなた自身のもの…　
po0064740-0-0.jpg,第12回読書感想文公募
po0064810-0-0.jpg,第13回市民文芸作品公募　第16回読書感想文公募
po0064820-0-0.jpg,第14回読書感想文公募
po0065110-0-0.jpg,青少年の保護育成運動
po0065120-0-0.jpg,全国清掃美化運動
po006519-00010-0-0.jpg,与謝野寛・晶子之歌碑　碑面
po0065240-0-0.jpg,第12回市民文芸作品公募　第15回読書感想文公募
po0065280-0-0.jpg,郷土の植物動物資料展
po0065290-0-0.jpg,本さまざま展
po0065300-0-0.jpg,啄木展
po0065310-0-0.jpg,啄木資料展
po0065330-0-0.jpg,港まつり協賛　函館の港　絵と写真で見る今昔展
po0065340-0-0.jpg,啄木展
po0065360-0-0.jpg,港まつり協賛　郷土開拓資料展
po0065370-0-0.jpg,港まつり協賛展　“箱館の文明開化と異人たち”
po0065380-0-0.jpg,むかしむかしの絵でみる北海道ひとまわり　開港112年函館港まつり協賛展　
po0065400-0-0.jpg,郷土遊寓名士遺墨展
po0065420-0-0.jpg,港まつり協賛　函館文学展
po0065430-0-0.jpg,港まつり協賛　郷土開拓資料展
po0065440-0-0.jpg,“五稜郭と函館戦争”資料展
po0065460-0-0.jpg,読書週間行事　第3回函館史跡散歩の開催
po0065500-0-0.jpg,港まつり協賛展　“箱館の文明開化と異人たち”
po0065510-0-0.jpg,啄木展
po0065520-0-0.jpg,啄木遺跡めぐり　啄木展
po0065550-0-0.jpg,第十回函館市文化祭
po0065560-0-0.jpg,第18回函館市民文化祭記念　市民文芸作品募集
po0065570-0-0.jpg,第15回函館市民文化祭記念　文芸作品募集
po0065580-0-0.jpg,第15回函館市民文化祭記念行事　市民文化のつどい
po0065590-0-0.jpg,第13回函館市成人祭　記念文芸作品公募
po0065600-0-0.jpg,第17回函館市民文化祭記念　文芸作品募集
po0065630-0-0.jpg,1月15日　成人の日
po0065670-0-0.jpg,第16回函館市民文化祭記念　文芸作品募集
po0065680-0-0.jpg,雪まつり
po0065700-0-0.jpg,第三回成人祭　スクェアダンスパーテー　青年の希望を語る夕
po0065710-0-0.jpg,家庭生活科学研究会
po0065720-0-0.jpg,第8回函館市文化祭
po0065730-0-0.jpg,第16回函館市民文化祭記念行事　市民文化交歓の夕
po0065760-0-0.jpg,五稜郭戦争資料展　100年記念
po0065770-0-0.jpg,国宝重美　桃山美術展
po0065800-0-0.jpg,ゆかりの能登で　アイヌの熊祭
po0065840-0-0.jpg,第九回　社会を明るくする運動
po0065870-0-0.jpg,HAKODATE CITY CENTRAL LIBRARY　函館再発見。
po0065970-0-0.jpg,開国百年ペルリ祭　記念展覧会
po0065980-0-0.jpg,25年第1回　函館競輪
po0065990-0-0.jpg,第5回全道視聴覚教育研究大会
po0066000-0-0.jpg,第3回函館市視聴覚教育月間
po0066060-0-0.jpg,第二回視聴覚教育週間
po0066070-0-0.jpg,第9回函館市理科作品展
po0066080-0-0.jpg,堤鐔コレクション　国宝重美刀剣
po0066100-0-0.jpg,日本古美術名品展
po0066110-0-0.jpg,日本名槍展
po0066170-0-0.jpg,第11回函館市理科作品展
po0066200-0-0.jpg,五稜郭築城100年記念行事
po0066220-0-0.jpg,はこだて楽焼同好会“土”第1回作品展示会
po0066230-0-0.jpg,第7回函館市理科作品展
po0066240-0-0.jpg,大南洋展
po0066250-0-0.jpg,飼犬は必ず　保健所へ登録を！
po0066260-0-0.jpg,海は招く!!　市民海水浴場へどうぞ
po0066280-0-0.jpg,第1回函館市理科作品展示会
po0066300-0-0.jpg,第4回函館市理科作品展
po0066310-0-0.jpg,第8回函館市理科作品展
po0066320-0-0.jpg,第10回函館市理科作品展
po0066350-0-0.jpg,江戸時代前期絵画名作
po0066370-0-0.jpg,日本洋画名作展
po0066390-0-0.jpg,飼犬は必ず登録して下さい
po0066400-0-0.jpg,青年学級生募集
po0066420-0-0.jpg,青年学級生募集
po0066430-0-0.jpg,青年学級生募集
po0066460-0-0.jpg,図書館分館読書講座　新聞のよみ方
po0066490-0-0.jpg,公民館　新春の定期講座
po0066500-0-0.jpg,3回　大学祭
po0066560-0-0.jpg,函館商科短期大学　学生募集
po0066610-0-0.jpg,水産報国　学生募集
po0066640-0-0.jpg,第三十六回海軍記念日　軍事講演会
po0066650-0-0.jpg,敬老デー
po0066660-0-0.jpg,興亜運動大講演会
po0066670-0-0.jpg,官立小樽海員養成所生徒募集
po0066680-0-0.jpg,六月十日　時の記念日
po0066720-0-0.jpg,十月二十日　市会議員総選挙
po0066730-0-0.jpg,第二期『文学鑑賞講座』受講会員募集!!
po0066760-0-0.jpg,公民館の英語講座
po0066800-0-0.jpg,夏期大学　受講申込みの受付開始!!
po0066810-0-0.jpg,夏季大学講座
po0066820-0-0.jpg,夏期大学講座
po0066830-0-0.jpg,夏期大学講座
po0066840-0-0.jpg,市民のための大学開放講座　文部省委嘱
po0066860-0-0.jpg,市民のための大学開放講座　文部省委嘱
po0066870-0-0.jpg,市民大学講座　第一部
po0066880-0-0.jpg,市民大学講座　第2部
po0066940-0-0.jpg,昭和36年度　第3期　成人学校
po0066960-0-0.jpg,函館市成人学校　第1期
po0067000-0-0.jpg,函館市成人学校　第2期
po0067010-0-0.jpg,函館市成人学校　第2期
po0067030-0-0.jpg,函館市成人学校　第3期
po0067070-0-0.jpg,昭和30年度　函館市成人学校　第1期
po0067080-0-0.jpg,昭和30年度　函館市成人学校　第2期
po0067090-0-0.jpg,昭和30年度　函館市成人学校　第3期
po0067390-0-0.jpg,大東亜戦争一周年記念　決戦突破大運動
po0067400-0-0.jpg,新穀感謝祭
po0067410-0-0.jpg,奉祝紀元二千六百年　市民奉祝大会　家庭奉祝
po0067420-0-0.jpg,満州建国十周年慶祝　大東亜経済建設　展覧会
po0067430-0-0.jpg,陸軍恤兵展覧会
po0067440-0-0.jpg,ファシスタ伊太利亜大展覧会
po0067450-0-0.jpg,銃後奉公大展覧会
po0067460-0-0.jpg,勝ち抜く経済展覧会
po0067470-0-0.jpg,高度国防経済展覧会　経済と海軍力展覧会
po0067480-0-0.jpg,皇国敬神大会
po0067490-0-0.jpg,支那事変四周年記念行事要項
po0067500-0-0.jpg,つゝしみの日　三月二十一日大火災記念日
po0067510-0-0.jpg,市会議員総選挙　誓って正しく必ず投票
po0067520-0-0.jpg,紀元二千六百年記念　全国児童愛護運動
po0067530-0-0.jpg,大東亜戦争完遂のため！　土地建物等を売れば
po0067540-0-0.jpg,軍人援護強化運動
po0067550-0-0.jpg,ファンのお正月はこれから絶対豪華陣!!!　20日より　人肌観音　椿姫
po0067580-0-0.jpg,銃後奉公強化運動
po0067590-0-0.jpg,軍人援護強化運動
po0067600-0-0.jpg,支那事変二周年記念日
po0067610-0-0.jpg,大火災十周年記念日
po0067630-0-0.jpg,HAKODATE CITY CENTRAL LIBRARY　本に逢いに行こう。
po0067750-0-0.jpg,さくらまつり
po0067860-0-0.jpg,第3回函館山市民ハイキング大会
po0067870-0-0.jpg,第5回函館山市民ハイキング大会
po0067880-0-0.jpg,第6回函館山市民ハイキング大会
po0067890-0-0.jpg,第9回函館山市民ハイキング大会
po0067900-0-0.jpg,第13回函館山市民ハイキング大会
po0067930-0-0.jpg,昭和25年　国勢調査　十月一日
po0067940-0-0.jpg,昭和二十五年　十月一日　国勢調査
po0067960-0-0.jpg,昭和二十六年　北海道常任人口調査
po0067970-0-0.jpg,職業訓練生製作品展示即売会
po0026430-0-0.jpg,第9回黒船祭
po0026490-0-0.jpg,ひらり　花の数ほどの出逢い。　HAKODATE
po0026510-0-0.jpg,函館　HAKODATE　この胸いっぱいに、潮風の想い出。「函館」。
po0026520-0-0.jpg,はこだて　冬も、いいね。HAKODATE
po0026530-0-0.jpg,函館　また、いこう。　HAKODATE
po0026540-0-0.jpg,ROMANTIC　HAKODATE　函館　星のように、雪。
po0026550-0-0.jpg,ROMANTIC　HAKODATE　函館　幻のように、港。
po0026560-0-0.jpg,HAKODATE　新しい「函館」が動き出す。
po0026570-0-0.jpg,HAKODATE　新しい「函館」が花開く。
po0026630-0-0.jpg,きらり　星の数ほどの情緒。　HAKODATE
po0063080-0-0.jpg,HAKODATE　朝もやの教会、雪の坂道。幼い日の記憶…函館。
po0063110-0-0.jpg,HAKODATE　いつか来た夕暮れの石畳。懐かしさ抱え、歩く・・・函館。
po0065180-0-0.jpg,函館　うみのにおい。
po0065540-0-0.jpg,函館　ゆきのにおい。
po0066740-0-0.jpg,Hakodate
po0066750-0-0.jpg,Hakodate
