,0,1,2,3,4,5,6,7,8,9,10,11,12,13,14,15,16,17,18,19,20,21,22,23,24,25,26,27,28,29,30,31,32,33,34,35,36,37,38,39,40,41,42,43,44,45,46,47,48,49,50,51,52,53
0,po0017860-0-0.jpg,po0017790-0-0.jpg,po0017700-0-0.jpg,po0017720-0-0.jpg.jpg,po0016980-0-0.jpg.jpg,po0023520-0-0.jpg.jpg,po0011910-0-0.jpg.jpg,po0021340-0-0.jpg.jpg,po0021150-0-0.jpg.jpg,po0012090-0-0.jpg.jpg,po0011280-0-0.jpg.jpg,po0011920-0-0.jpg.jpg,po0008100-0-0.jpg.jpg,po0005240-0-0.jpg.jpg,po0016080-0-0.jpg.jpg,po0002160-0-0.jpg.jpg,po0020500-0-0.jpg.jpg,po0004300-0-0.jpg.jpg,po0023480-0-0.jpg.jpg,po0015100-0-0.jpg.jpg,po0005220-0-0.jpg.jpg,po0004650-0-0.jpg.jpg,po0016450-0-0.jpg.jpg,po0000700-0-0.jpg.jpg,po0011190-0-0.jpg.jpg,po0010460-0-0.jpg.jpg,po0023820-0-0.jpg.jpg,po0023500-0-0.jpg.jpg,po0016170-0-0.jpg.jpg,po0002480-0-0.jpg.jpg,po0016620-0-0.jpg.jpg,po0000960-0-0.jpg.jpg,po0024920-0-0.jpg.jpg,po0001920-0-0.jpg.jpg,po0021840-0-0.jpg.jpg,po0022280-0-0.jpg.jpg,po0022140-0-0.jpg.jpg,po0022240-0-0.jpg.jpg,po0066750-0-0.jpg.jpg,po0000450-0-0.jpg.jpg,po0000430-0-0.jpg.jpg,po0000500-0-0.jpg.jpg,po0006650-0-0.jpg.jpg,po0006300-0-0.jpg.jpg,po0005800-0-0.jpg.jpg,po0005960-0-0.jpg.jpg,po0005540-0-0.jpg.jpg,po0005720-0-0.jpg.jpg,po0005640-0-0.jpg.jpg,po0005910-0-0.jpg.jpg,po0005680-0-0.jpg.jpg,po0005510-0-0.jpg.jpg,po0006850-0-0.jpg.jpg,po0006610-0-0.jpg.jpg
1,po0017940-0-0.jpg,po0063250-0-0.jpg,po0017650-0-0.jpg.jpg,po0017760-0-0.jpg.jpg,po0024760-0-0.jpg.jpg,po0017000-0-0.jpg.jpg,po0009770-0-0.jpg.jpg,po0061200-0-0.jpg.jpg,po0010800-0-0.jpg.jpg,po0016720-0-0.jpg.jpg,po0010870-0-0.jpg.jpg,po0010930-0-0.jpg.jpg,po0011290-0-0.jpg.jpg,po0023680-0-0.jpg.jpg,po0002140-0-0.jpg.jpg,po0023530-0-0.jpg.jpg,po0023810-0-0.jpg.jpg,po0014780-0-0.jpg.jpg,po0004770-0-0.jpg.jpg,po0023470-0-0.jpg.jpg,po0004760-0-0.jpg.jpg,po0015610-0-0.jpg.jpg,po0016930-0-0.jpg.jpg,po0016910-0-0.jpg.jpg,po0004800-0-0.jpg.jpg,po0024240-0-0.jpg.jpg,po0017370-0-0.jpg.jpg,po0016140-0-0.jpg.jpg,po0016150-0-0.jpg.jpg,po0016120-0-0.jpg.jpg,po0000610-0-0.jpg.jpg,po0003750-0-0.jpg.jpg,po0017030-0-0.jpg.jpg,po0007380-0-0.jpg.jpg,po0021890-0-0.jpg.jpg,po0022220-0-0.jpg.jpg,po0021520-0-0.jpg.jpg,po0057640-0-0.jpg.jpg,po0000520-0-0.jpg.jpg,po0021610-0-0.jpg.jpg,po0021740-0-0.jpg.jpg,po0063080-0-0.jpg.jpg,po0006200-0-0.jpg.jpg,po0005750-0-0.jpg.jpg,po0006440-0-0.jpg.jpg,po0006390-0-0.jpg.jpg,po0006560-0-0.jpg.jpg,po0005650-0-0.jpg.jpg,po0006000-0-0.jpg.jpg,po0005890-0-0.jpg.jpg,po0006230-0-0.jpg.jpg,po0005520-0-0.jpg.jpg,po0005500-0-0.jpg.jpg,po0006690-0-0.jpg.jpg
2,po0066840-0-0.jpg,po0019290-0-0.jpg,po0017690-0-0.jpg.jpg,po0066110-0-0.jpg.jpg,po0067960-0-0.jpg.jpg,po0019960-0-0.jpg.jpg,po0019600-0-0.jpg.jpg,po0067530-0-0.jpg.jpg,po0004880-0-0.jpg.jpg,po0011860-0-0.jpg.jpg,po0010380-0-0.jpg.jpg,po0022730-0-0.jpg.jpg,po0022590-0-0.jpg.jpg,po0001030-0-0.jpg.jpg,po0022960-0-0.jpg.jpg,po0015590-0-0.jpg.jpg,po0067860-0-0.jpg.jpg,po0014280-0-0.jpg.jpg,po0023540-0-0.jpg.jpg,po0064430-0-0.jpg.jpg,po0012800-0-0.jpg.jpg,po0010000-0-0.jpg.jpg,po0014370-0-0.jpg.jpg,po0015830-0-0.jpg.jpg,po0008820-0-0.jpg.jpg,po0003580-0-0.jpg.jpg,po0024260-0-0.jpg.jpg,po0024290-0-0.jpg.jpg,po0024020-0-0.jpg.jpg,po0022740-0-0.jpg.jpg,po0002850-0-0.jpg.jpg,po0009220-0-0.jpg.jpg,po0014040-0-0.jpg.jpg,po0023920-0-0.jpg.jpg,po0063110-0-0.jpg.jpg,po0022180-0-0.jpg.jpg,po0026570-0-0.jpg.jpg,po0026560-0-0.jpg.jpg,po0000150-0-0.jpg.jpg,po0000490-0-0.jpg.jpg,po0021350-0-0.jpg.jpg,po0026510-0-0.jpg.jpg,po0005620-0-0.jpg.jpg,po0009340-0-0.jpg.jpg,po0005530-0-0.jpg.jpg,po0006150-0-0.jpg.jpg,po0005490-0-0.jpg.jpg,po0006360-0-0.jpg.jpg,po0016520-0-0.jpg.jpg,po0006460-0-0.jpg.jpg,po0006410-0-0.jpg.jpg,po0006860-0-0.jpg.jpg,po0006310-0-0.jpg.jpg,po0006680-0-0.jpg.jpg
3,po0066870-0-0.jpg,po0066610-0-0.jpg,po0066730-0-0.jpg.jpg,po0025280-0-0.jpg.jpg,po0065340-0-0.jpg.jpg,po0016940-0-0.jpg.jpg,po0003090-0-0.jpg.jpg,po0064470-0-0.jpg.jpg,po0022420-0-0.jpg.jpg,po0008760-0-0.jpg.jpg,po0000590-0-0.jpg.jpg,po0007310-0-0.jpg.jpg,po0008030-0-0.jpg.jpg,po0022450-0-0.jpg.jpg,po0022390-0-0.jpg.jpg,po0004790-0-0.jpg.jpg,po0067870-0-0.jpg.jpg,po0063770-0-0.jpg.jpg,po0000900-0-0.jpg.jpg,po0015810-0-0.jpg.jpg,po0063960-0-0.jpg.jpg,po0011600-0-0.jpg.jpg,po0022300-0-0.jpg.jpg,po0001150-0-0.jpg.jpg,po0024910-0-0.jpg.jpg,po0016060-0-0.jpg.jpg,po0005120-0-0.jpg.jpg,po0022780-0-0.jpg.jpg,po0001240-0-0.jpg.jpg,po0003610-0-0.jpg.jpg,po0017160-0-0.jpg.jpg,po0021550-0-0.jpg.jpg,po0022010-0-0.jpg.jpg,po0017450-0-0.jpg.jpg,po0022120-0-0.jpg.jpg,po0022970-0-0.jpg.jpg,po0000320-0-0.jpg.jpg,po0021900-0-0.jpg.jpg,po0022260-0-0.jpg.jpg,po0013320-0-0.jpg.jpg,po0013400-0-0.jpg.jpg,po0056030-0-0.jpg.jpg,po0005810-0-0.jpg.jpg,po0005570-0-0.jpg.jpg,po0006840-0-0.jpg.jpg,po0006420-0-0.jpg.jpg,po0006770-0-0.jpg.jpg,po0006220-0-0.jpg.jpg,po0005600-0-0.jpg.jpg,po0006790-0-0.jpg.jpg,po0006350-0-0.jpg.jpg,po0006470-0-0.jpg.jpg,po0006710-0-0.jpg.jpg,po0006620-0-0.jpg.jpg
4,po0067010-0-0.jpg,po0067090-0-0.jpg,po0066370-0-0.jpg.jpg,po0066070-0-0.jpg.jpg,po0066220-0-0.jpg.jpg,po0066060-0-0.jpg.jpg,po0024420-0-0.jpg.jpg,po0065510-0-0.jpg.jpg,po0003220-0-0.jpg.jpg,po0020590-0-0.jpg.jpg,po0010110-0-0.jpg.jpg,po0022840-0-0.jpg.jpg,po0002350-0-0.jpg.jpg,po0022700-0-0.jpg.jpg,po0022890-0-0.jpg.jpg,po0014330-0-0.jpg.jpg,po0020300-0-0.jpg.jpg,po0024570-0-0.jpg.jpg,po0009310-0-0.jpg.jpg,po0015400-0-0.jpg.jpg,po0024380-0-0.jpg.jpg,po0008530-0-0.jpg.jpg,po0000780-0-0.jpg.jpg,po0001080-0-0.jpg.jpg,po0025030-0-0.jpg.jpg,po0002200-0-0.jpg.jpg,po0003530-0-0.jpg.jpg,po0002210-0-0.jpg.jpg,po0017540-0-0.jpg.jpg,po0002170-0-0.jpg.jpg,po0016210-0-0.jpg.jpg,po0017040-0-0.jpg.jpg,po0024810-0-0.jpg.jpg,po0000170-0-0.jpg.jpg,po0000200-0-0.jpg.jpg,po0000730-0-0.jpg.jpg,po0000950-0-0.jpg.jpg,po0021980-0-0.jpg.jpg,po0022230-0-0.jpg.jpg,po0021630-0-0.jpg.jpg,po0013410-0-0.jpg.jpg,po0000410-0-0.jpg.jpg,po0013360-0-0.jpg.jpg,po0065290-0-0.jpg.jpg,po0064060-0-0.jpg.jpg,po0005560-0-0.jpg.jpg,po0005950-0-0.jpg.jpg,po0006240-0-0.jpg.jpg,po0006870-0-0.jpg.jpg,po0006190-0-0.jpg.jpg,po0023950-0-0.jpg.jpg,po0006830-0-0.jpg.jpg,po0006820-0-0.jpg.jpg,po0065540-0-0.jpg.jpg
5,po0014870-0-0.jpg,po0062850-0-0.jpg,po0004030-0-0.jpg.jpg,po0024050-0-0.jpg.jpg,po0024150-0-0.jpg.jpg,po0004280-0-0.jpg.jpg,po0000970-0-0.jpg.jpg,po0024400-0-0.jpg.jpg,po0007090-0-0.jpg.jpg,po0007070-0-0.jpg.jpg,po0007010-0-0.jpg.jpg,po0022560-0-0.jpg.jpg,po0001890-0-0.jpg.jpg,po0022950-0-0.jpg.jpg,po0009070-0-0.jpg.jpg,po0000680-0-0.jpg.jpg,po0005050-0-0.jpg.jpg,po0066080-0-0.jpg.jpg,po0017290-0-0.jpg.jpg,po0064050-0-0.jpg.jpg,po0006550-0-0.jpg.jpg,po0024820-0-0.jpg.jpg,po0024630-0-0.jpg.jpg,po0005110-0-0.jpg.jpg,po0010670-0-0.jpg.jpg,po0024660-0-0.jpg.jpg,po0065980-0-0.jpg.jpg,po0024650-0-0.jpg.jpg,po0002760-0-0.jpg.jpg,po0002130-0-0.jpg.jpg,po0024280-0-0.jpg.jpg,po0014850-0-0.jpg.jpg,po0008710-0-0.jpg.jpg,po0010470-0-0.jpg.jpg,po0021760-0-0.jpg.jpg,po0002360-0-0.jpg.jpg,po0016370-0-0.jpg.jpg,po0011430-0-0.jpg.jpg,po0067630-0-0.jpg.jpg,po0013460-0-0.jpg.jpg,po0013390-0-0.jpg.jpg,po0016690-0-0.jpg.jpg,po0017230-0-0.jpg.jpg,po0062810-0-0.jpg.jpg,po0009550-0-0.jpg.jpg,po0026540-0-0.jpg.jpg,po0065180-0-0.jpg.jpg,po0017520-0-0.jpg.jpg,po0000390-0-0.jpg.jpg,po0000510-0-0.jpg.jpg,po0009850-0-0.jpg.jpg,po0014390-0-0.jpg.jpg,po0065870-0-0.jpg.jpg,po0024890-0-0.jpg.jpg
6,po0063340-0-0.jpg,po0065990-0-0.jpg,po0014890-0-0.jpg.jpg,po0024220-0-0.jpg.jpg,po0022810-0-0.jpg.jpg,po0063220-0-0.jpg.jpg,po0063200-0-0.jpg.jpg,po0002100-0-0.jpg.jpg,po0007930-0-0.jpg.jpg,po0009300-0-0.jpg.jpg,po0022410-0-0.jpg.jpg,po0022750-0-0.jpg.jpg,po0007980-0-0.jpg.jpg,po0007100-0-0.jpg.jpg,po0001140-0-0.jpg.jpg,po0009400-0-0.jpg.jpg,po0019820-0-0.jpg.jpg,po0052340-0-0.jpg.jpg,po0007860-0-0.jpg.jpg,po0063440-0-0.jpg.jpg,po0024160-0-0.jpg.jpg,po0017210-0-0.jpg.jpg,po0010790-0-0.jpg.jpg,po0010590-0-0.jpg.jpg,po0010570-0-0.jpg.jpg,po0022480-0-0.jpg.jpg,po0014600-0-0.jpg.jpg,po0022200-0-0.jpg.jpg,po0021930-0-0.jpg.jpg,po0001930-0-0.jpg.jpg,po0021000-0-0.jpg.jpg,po0002180-0-0.jpg.jpg,po0015140-0-0.jpg.jpg,po0004270-0-0.jpg.jpg,po0023440-0-0.jpg.jpg,po0017020-0-0.jpg.jpg,po0024100-0-0.jpg.jpg,po0023800-0-0.jpg.jpg,po0025110-0-0.jpg.jpg,po0009800-0-0.jpg.jpg,po0019480-0-0.jpg.jpg,po0066680-0-0.jpg.jpg,po0061660-0-0.jpg.jpg,po0006290-0-0.jpg.jpg,po0015600-0-0.jpg.jpg,po0013770-0-0.jpg.jpg,po0001900-0-0.jpg.jpg,po0021620-0-0.jpg.jpg,po0009100-0-0.jpg.jpg,po0014000-0-0.jpg.jpg,po0010660-0-0.jpg.jpg,po0002580-0-0.jpg.jpg,po0002340-0-0.jpg.jpg,po0003870-0-0.jpg.jpg
7,po0025370-0-0.jpg,po0014400-0-0.jpg,po0024530-0-0.jpg.jpg,po0002050-0-0.jpg.jpg,po0008840-0-0.jpg.jpg,po0008860-0-0.jpg.jpg,po0024680-0-0.jpg.jpg,po0024600-0-0.jpg.jpg,po0067970-0-0.jpg.jpg,po0016260-0-0.jpg.jpg,po0006720-0-0.jpg.jpg,po0000770-0-0.jpg.jpg,po0014270-0-0.jpg.jpg,po0022530-0-0.jpg.jpg,po0007440-0-0.jpg.jpg,po0000910-0-0.jpg.jpg,po0023740-0-0.jpg.jpg,po0011180-0-0.jpg.jpg,po0022360-0-0.jpg.jpg,po0008600-0-0.jpg.jpg,po0059040-0-0.jpg.jpg,po0024350-0-0.jpg.jpg,po0010690-0-0.jpg.jpg,po0010700-0-0.jpg.jpg,po0010290-0-0.jpg.jpg,po0011550-0-0.jpg.jpg,po0010450-0-0.jpg.jpg,po0010520-0-0.jpg.jpg,po0022130-0-0.jpg.jpg,po0023660-0-0.jpg.jpg,po0015660-0-0.jpg.jpg,po0002400-0-0.jpg.jpg,po0017280-0-0.jpg.jpg,po0000690-0-0.jpg.jpg,po0016920-0-0.jpg.jpg,po0020340-0-0.jpg.jpg,po0019490-0-0.jpg.jpg,po0019130-0-0.jpg.jpg,po0019140-0-0.jpg.jpg,po0002330-0-0.jpg.jpg,po0064820-0-0.jpg.jpg,po0023510-0-0.jpg.jpg,po0016350-0-0.jpg.jpg,po0005660-0-0.jpg.jpg,po0016990-0-0.jpg.jpg,po0014940-0-0.jpg.jpg,po0017560-0-0.jpg.jpg,po0024640-0-0.jpg.jpg,po0000530-0-0.jpg.jpg,po0024130-0-0.jpg.jpg,po0000240-0-0.jpg.jpg,po0015870-0-0.jpg.jpg,po0000820-0-0.jpg.jpg,po0062650-0-0.jpg.jpg
8,po0003000-0-0.jpg,po0006600-0-0.jpg,po0018270-0-0.jpg.jpg,po0003720-0-0.jpg.jpg,po0014130-0-0.jpg.jpg,po0018080-0-0.jpg.jpg,po0063560-0-0.jpg.jpg,po0018700-0-0.jpg.jpg,po0022930-0-0.jpg.jpg,po0001010-0-0.jpg.jpg,po0019380-0-0.jpg.jpg,po0016380-0-0.jpg.jpg,po0007460-0-0.jpg.jpg,po0008660-0-0.jpg.jpg,po0003350-0-0.jpg.jpg,po0007430-0-0.jpg.jpg,po0017060-0-0.jpg.jpg,po0002630-0-0.jpg.jpg,po0000290-0-0.jpg.jpg,po0009210-0-0.jpg.jpg,po0011270-0-0.jpg.jpg,po0016650-0-0.jpg.jpg,po0022350-0-0.jpg.jpg,po0011160-0-0.jpg.jpg,po0007820-0-0.jpg.jpg,po0010810-0-0.jpg.jpg,po0001810-0-0.jpg.jpg,po0010760-0-0.jpg.jpg,po0010300-0-0.jpg.jpg,po0002080-0-0.jpg.jpg,po0002390-0-0.jpg.jpg,po0016130-0-0.jpg.jpg,po0021780-0-0.jpg.jpg,po0012720-0-0.jpg.jpg,po0003590-0-0.jpg.jpg,po0000900-0-0.jpg.jpg,po0019300-0-0.jpg.jpg,po0024360-0-0.jpg.jpg,po0025180-0-0.jpg.jpg,po0002430-0-0.jpg.jpg,po0066650-0-0.jpg.jpg,po0003560-0-0.jpg.jpg,po0041180-0-0.jpg.jpg,po0019190-0-0.jpg.jpg,po0003570-0-0.jpg.jpg,po0003660-0-0.jpg.jpg,po0015080-0-0.jpg.jpg,po0004620-0-0.jpg.jpg,po0022970-0-0.jpg.jpg,po0014320-0-0.jpg.jpg,po0014470-0-0.jpg.jpg,po0024320-0-0.jpg.jpg,po0024200-0-0.jpg.jpg,po0009240-0-0.jpg.jpg
9,po0006590-0-0.jpg,po0003070-0-0.jpg,po0019790-0-0.jpg.jpg,po0004860-0-0.jpg.jpg,po0021240-0-0.jpg.jpg,po0019110-0-0.jpg.jpg,po0062160-0-0.jpg.jpg,po0019540-0-0.jpg.jpg,po0017850-0-0.jpg.jpg,po0018740-0-0.jpg.jpg,po0004960-0-0.jpg.jpg,po0006570-0-0.jpg.jpg,po0014350-0-0.jpg.jpg,po0007840-0-0.jpg.jpg,po0000570-0-0.jpg.jpg,po0008010-0-0.jpg.jpg,po0026530-0-0.jpg.jpg,po0011130-0-0.jpg.jpg,po0013340-0-0.jpg.jpg,po0010490-0-0.jpg.jpg,po0010780-0-0.jpg.jpg,po0014410-0-0.jpg.jpg,po0002840-0-0.jpg.jpg,po0010650-0-0.jpg.jpg,po0010350-0-0.jpg.jpg,po0010630-0-0.jpg.jpg,po0010640-0-0.jpg.jpg,po0010720-0-0.jpg.jpg,po0010770-0-0.jpg.jpg,po0014430-0-0.jpg.jpg,po0010890-0-0.jpg.jpg,po0002070-0-0.jpg.jpg,po0022870-0-0.jpg.jpg,po0002620-0-0.jpg.jpg,po0022880-0-0.jpg.jpg,po0016680-0-0.jpg.jpg,po0002270-0-0.jpg.jpg,po0002750-0-0.jpg.jpg,po0007300-0-0.jpg.jpg,po0024370-0-0.jpg.jpg,po0064810-0-0.jpg.jpg,po0063310-0-0.jpg.jpg,po0065240-0-0.jpg.jpg,po0016810-0-0.jpg.jpg,po0017830-0-0.jpg.jpg,po0019090-0-0.jpg.jpg,po0024120-0-0.jpg.jpg,po0023550-0-0.jpg.jpg,po0064230-0-0.jpg.jpg,po0013440-0-0.jpg.jpg,po0041420-0-0.jpg.jpg,po0001980-0-0.jpg.jpg,po0005180-0-0.jpg.jpg,po0007410-0-0.jpg.jpg
10,po0023880-0-0.jpg,po0064510-0-0.jpg,po0001740-0-0.jpg.jpg,po0064490-0-0.jpg.jpg,po0066800-0-0.jpg.jpg,po0020440-0-0.jpg.jpg,po0067030-0-0.jpg.jpg,po0004820-0-0.jpg.jpg,po0014880-0-0.jpg.jpg,po0023490-0-0.jpg.jpg,po0017750-0-0.jpg.jpg,po0003050-0-0.jpg.jpg,po0003040-0-0.jpg.jpg,po0014030-0-0.jpg.jpg,po0011830-0-0.jpg.jpg,po0016220-0-0.jpg.jpg,po0065800-0-0.jpg.jpg,po0010120-0-0.jpg.jpg,po0010310-0-0.jpg.jpg,po0011220-0-0.jpg.jpg,po0013570-0-0.jpg.jpg,po0010340-0-0.jpg.jpg,po0011170-0-0.jpg.jpg,po0007770-0-0.jpg.jpg,po0010960-0-0.jpg.jpg,po0011580-0-0.jpg.jpg,po0013530-0-0.jpg.jpg,po0010740-0-0.jpg.jpg,po0010900-0-0.jpg.jpg,po0008610-0-0.jpg.jpg,po0001700-0-0.jpg.jpg,po0022510-0-0.jpg.jpg,po0014360-0-0.jpg.jpg,po0022210-0-0.jpg.jpg,po0002120-0-0.jpg.jpg,po0055890-0-0.jpg.jpg,po0002220-0-0.jpg.jpg,po0002670-0-0.jpg.jpg,po0002380-0-0.jpg.jpg,po0002490-0-0.jpg.jpg,po0063260-0-0.jpg.jpg,po0062100-0-0.jpg.jpg,po0001180-0-0.jpg.jpg,po0017820-0-0.jpg.jpg,po0017840-0-0.jpg.jpg,po0017300-0-0.jpg.jpg,po0023980-0-0.jpg.jpg,po0009350-0-0.jpg.jpg,po0002980-0-0.jpg.jpg,po0063410-0-0.jpg.jpg,po0024740-0-0.jpg.jpg,po0066200-0-0.jpg.jpg,po0063340-0-0.jpg.jpg,po0007220-0-0.jpg.jpg
11,po0003060-0-0.jpg,po0015550-0-0.jpg,po0004660-0-0.jpg.jpg,po0020990-0-0.jpg.jpg,po0011880-0-0.jpg.jpg,po0006950-0-0.jpg.jpg,po0017670-0-0.jpg.jpg,po0019050-0-0.jpg.jpg,po0019030-0-0.jpg.jpg,po0019560-0-0.jpg.jpg,po0023900-0-0.jpg.jpg,po0019470-0-0.jpg.jpg,po0005060-0-0.jpg.jpg,po0024300-0-0.jpg.jpg,po0005170-0-0.jpg.jpg,po0016090-0-0.jpg.jpg,po0013230-0-0.jpg.jpg,po0013540-0-0.jpg.jpg,po0011470-0-0.jpg.jpg,po0010410-0-0.jpg.jpg,po0011350-0-0.jpg.jpg,po0010430-0-0.jpg.jpg,po0009080-0-0.jpg.jpg,po0013370-0-0.jpg.jpg,po0011240-0-0.jpg.jpg,po0011140-0-0.jpg.jpg,po0008200-0-0.jpg.jpg,po0011820-0-0.jpg.jpg,po0002820-0-0.jpg.jpg,po0010750-0-0.jpg.jpg,po0014450-0-0.jpg.jpg,po0022310-0-0.jpg.jpg,po0056380-0-0.jpg.jpg,po0007920-0-0.jpg.jpg,po0002640-0-0.jpg.jpg,po0002380-0-0.jpg.jpg,po0002470-0-0.jpg.jpg,po0060650-0-0.jpg.jpg,po0025210-0-0.jpg.jpg,po0007180-0-0.jpg.jpg,po0022100-0-0.jpg.jpg,po0006970-0-0.jpg.jpg,po0018690-0-0.jpg.jpg,po0017780-0-0.jpg.jpg,po0014140-0-0.jpg.jpg,po0022790-0-0.jpg.jpg,po0019160-0-0.jpg.jpg,po0024070-0-0.jpg.jpg,po0022170-0-0.jpg.jpg,po0007900-0-0.jpg.jpg,po0013510-0-0.jpg.jpg,po0024710-0-0.jpg.jpg,po0015750-0-0.jpg.jpg,po0062620-0-0.jpg.jpg
12,po0067420-0-0.jpg,po0063780-0-0.jpg,po0062080-0-0.jpg.jpg,po0011990-0-0.jpg.jpg,po0019210-0-0.jpg.jpg,po0015640-0-0.jpg.jpg,po0017610-0-0.jpg.jpg,po0023590-0-0.jpg.jpg,po0019200-0-0.jpg.jpg,po0019500-0-0.jpg.jpg,po0018610-0-0.jpg.jpg,po0019460-0-0.jpg.jpg,po0008680-0-0.jpg.jpg,po0016110-0-0.jpg.jpg,po0018290-0-0.jpg.jpg,po0016510-0-0.jpg.jpg,po0010420-0-0.jpg.jpg,po0010500-0-0.jpg.jpg,po0011150-0-0.jpg.jpg,po0011370-0-0.jpg.jpg,po0011450-0-0.jpg.jpg,po0007800-0-0.jpg.jpg,po0011390-0-0.jpg.jpg,po0011590-0-0.jpg.jpg,po0011380-0-0.jpg.jpg,po0013560-0-0.jpg.jpg,po0010680-0-0.jpg.jpg,po0010280-0-0.jpg.jpg,po0022520-0-0.jpg.jpg,po0016240-0-0.jpg.jpg,po0002060-0-0.jpg.jpg,po0026630-0-0.jpg.jpg,po0019080-0-0.jpg.jpg,po0000460-0-0.jpg.jpg,po0021770-0-0.jpg.jpg,po0021560-0-0.jpg.jpg,po0016610-0-0.jpg.jpg,po0016290-0-0.jpg.jpg,po0022760-0-0.jpg.jpg,po0022490-0-0.jpg.jpg,po0002020-0-0.jpg.jpg,po0000850-0-0.jpg.jpg,po0019280-0-0.jpg.jpg,po0017970-0-0.jpg.jpg,po0002280-0-0.jpg.jpg,po0017890-0-0.jpg.jpg,po0017320-0-0.jpg.jpg,po0019060-0-0.jpg.jpg,po0019270-0-0.jpg.jpg,po0008970-0-0.jpg.jpg,po0066670-0-0.jpg.jpg,po0018040-0-0.jpg.jpg,po0067070-0-0.jpg.jpg,po0016820-0-0.jpg.jpg
13,po0016360-0-0.jpg,po0063820-0-0.jpg,po0064040-0-0.jpg.jpg,po0019070-0-0.jpg.jpg,po0019230-0-0.jpg.jpg,po0067490-0-0.jpg.jpg,po0017810-0-0.jpg.jpg,po0014060-0-0.jpg.jpg,po0019590-0-0.jpg.jpg,po0019310-0-0.jpg.jpg,po0019420-0-0.jpg.jpg,po0018550-0-0.jpg.jpg,po0004890-0-0.jpg.jpg,po0019680-0-0.jpg.jpg,po0023970-0-0.jpg.jpg,po0011200-0-0.jpg.jpg,po0011800-0-0.jpg.jpg,po0011440-0-0.jpg.jpg,po0010260-0-0.jpg.jpg,po0011360-0-0.jpg.jpg,po0011110-0-0.jpg.jpg,po0011060-0-0.jpg.jpg,po0008080-0-0.jpg.jpg,po0011210-0-0.jpg.jpg,po0010270-0-0.jpg.jpg,po0013280-0-0.jpg.jpg,po0008120-0-0.jpg.jpg,po0013330-0-0.jpg.jpg,po0011000-0-0.jpg.jpg,po0011660-0-0.jpg.jpg,po0011090-0-0.jpg.jpg,po0022270-0-0.jpg.jpg,po0012700-0-0.jpg.jpg,po0021960-0-0.jpg.jpg,po0024960-0-0.jpg.jpg,po0052920-0-0.jpg.jpg,po0022000-0-0.jpg.jpg,po0023420-0-0.jpg.jpg,po0001830-0-0.jpg.jpg,po0008000-0-0.jpg.jpg,po0056270-0-0.jpg.jpg,po0053610-0-0.jpg.jpg,po0006980-0-0.jpg.jpg,po0005210-0-0.jpg.jpg,po0019450-0-0.jpg.jpg,po0007050-0-0.jpg.jpg,po0006060-0-0.jpg.jpg,po0002600-0-0.jpg.jpg,po0024550-0-0.jpg.jpg,po0025090-0-0.jpg.jpg,po0017590-0-0.jpg.jpg,po0017870-0-0.jpg.jpg,po0017880-0-0.jpg.jpg,po0013740-0-0.jpg.jpg
14,po0063800-0-0.jpg,po0063790-0-0.jpg,po0017630-0-0.jpg.jpg,po0064370-0-0.jpg.jpg,po0067600-0-0.jpg.jpg,po0066260-0-0.jpg.jpg,po0017680-0-0.jpg.jpg,po0017980-0-0.jpg.jpg,po0017740-0-0.jpg.jpg,po0007620-0-0.jpg.jpg,po0019260-0-0.jpg.jpg,po0000260-0-0.jpg.jpg,po0020470-0-0.jpg.jpg,po0003880-0-0.jpg.jpg,po0020390-0-0.jpg.jpg,po0020380-0-0.jpg.jpg,po0010370-0-0.jpg.jpg,po0010880-0-0.jpg.jpg,po0010390-0-0.jpg.jpg,po0011570-0-0.jpg.jpg,po0011630-0-0.jpg.jpg,po0011340-0-0.jpg.jpg,po0010320-0-0.jpg.jpg,po0011120-0-0.jpg.jpg,po0007760-0-0.jpg.jpg,po0013240-0-0.jpg.jpg,po0011410-0-0.jpg.jpg,po0010580-0-0.jpg.jpg,po0011950-0-0.jpg.jpg,po0010940-0-0.jpg.jpg,po0010600-0-0.jpg.jpg,po0023040-0-0.jpg.jpg,po0026490-0-0.jpg.jpg,po0000470-0-0.jpg.jpg,po0000440-0-0.jpg.jpg,po0007080-0-0.jpg.jpg,po0000420-0-0.jpg.jpg,po0000380-0-0.jpg.jpg,po0002040-0-0.jpg.jpg,po0010010-0-0.jpg.jpg,po0025880-0-0.jpg.jpg,po0017770-0-0.jpg.jpg,po0025380-0-0.jpg.jpg,po0018170-0-0.jpg.jpg,po0018230-0-0.jpg.jpg,po0006960-0-0.jpg.jpg,po0025400-0-0.jpg.jpg,po0001210-0-0.jpg.jpg,po0001650-0-0.jpg.jpg,po0024980-0-0.jpg.jpg,po0019120-0-0.jpg.jpg,po0014560-0-0.jpg.jpg,po0023930-0-0.jpg.jpg,po0067000-0-0.jpg.jpg
15,po0065770-0-0.jpg,po0066420-0-0.jpg,po0004740-0-0.jpg.jpg,po0062360-0-0.jpg.jpg,po0067410-0-0.jpg.jpg,po0005020-0-0.jpg.jpg,po0065670-0-0.jpg.jpg,po0017960-0-0.jpg.jpg,po0017730-0-0.jpg.jpg,po0063400-0-0.jpg.jpg,po0002880-0-0.jpg.jpg,po0018500-0-0.jpg.jpg,po0011770-0-0.jpg.jpg,po0016030-0-0.jpg.jpg,po0003230-0-0.jpg.jpg,po0011810-0-0.jpg.jpg,po0020720-0-0.jpg.jpg,po0005300-0-0.jpg.jpg,po0024750-0-0.jpg.jpg,po0008130-0-0.jpg.jpg,po0005340-0-0.jpg.jpg,po0016640-0-0.jpg.jpg,po0013290-0-0.jpg.jpg,po0013380-0-0.jpg.jpg,po0010540-0-0.jpg.jpg,po0013550-0-0.jpg.jpg,po0013500-0-0.jpg.jpg,po0010610-0-0.jpg.jpg,po0005420-0-0.jpg.jpg,po0011050-0-0.jpg.jpg,po0000480-0-0.jpg.jpg,po0010480-0-0.jpg.jpg,po0000740-0-0.jpg.jpg,po0066740-0-0.jpg.jpg,po0012630-0-0.jpg.jpg,po0021640-0-0.jpg.jpg,po0002030-0-0.jpg.jpg,po0000860-0-0.jpg.jpg,po0012950-0-0.jpg.jpg,po0022370-0-0.jpg.jpg,po0000580-0-0.jpg.jpg,po0014510-0-0.jpg.jpg,po0000220-0-0.jpg.jpg,po0008690-0-0.jpg.jpg,po0015680-0-0.jpg.jpg,po0000630-0-0.jpg.jpg,po0021190-0-0.jpg.jpg,po0007390-0-0.jpg.jpg,po0007910-0-0.jpg.jpg,po0007990-0-0.jpg.jpg,po0017400-0-0.jpg.jpg,po0006260-0-0.jpg.jpg,po0005760-0-0.jpg.jpg,po0014240-0-0.jpg.jpg
16,po0002150-0-0.jpg,po0067470-0-0.jpg,po0066170-0-0.jpg.jpg,po0063140-0-0.jpg.jpg,po0067500-0-0.jpg.jpg,po0016180-0-0.jpg.jpg,po0066430-0-0.jpg.jpg,po0066880-0-0.jpg.jpg,po0065570-0-0.jpg.jpg,po0016000-0-0.jpg.jpg,po0003210-0-0.jpg.jpg,po0019720-0-0.jpg.jpg,po0019840-0-0.jpg.jpg,po0020660-0-0.jpg.jpg,po0020730-0-0.jpg.jpg,po0020650-0-0.jpg.jpg,po0007890-0-0.jpg.jpg,po0011850-0-0.jpg.jpg,po0050940-0-0.jpg.jpg,po0008150-0-0.jpg.jpg,po0008110-0-0.jpg.jpg,po0011900-0-0.jpg.jpg,po0011560-0-0.jpg.jpg,po0013210-0-0.jpg.jpg,po0009450-0-0.jpg.jpg,po0011750-0-0.jpg.jpg,po0004640-0-0.jpg.jpg,po0010620-0-0.jpg.jpg,po0005400-0-0.jpg.jpg,po0023790-0-0.jpg.jpg,po0059930-0-0.jpg.jpg,po0005160-0-0.jpg.jpg,po0014170-0-0.jpg.jpg,po0013170-0-0.jpg.jpg,po0004600-0-0.jpg.jpg,po0062990-0-0.jpg.jpg,po0004940-0-0.jpg.jpg,po0008040-0-0.jpg.jpg,po0010010-0-0.jpg.jpg,po0009040-0-0.jpg.jpg,po0014080-0-0.jpg.jpg,po0003020-0-0.jpg.jpg,po0008650-0-0.jpg.jpg,po0018660-0-0.jpg.jpg,po0025000-0-0.jpg.jpg,po0014090-0-0.jpg.jpg,po0001040-0-0.jpg.jpg,po0026520-0-0.jpg.jpg,po0002560-0-0.jpg.jpg,po0014340-0-0.jpg.jpg,po0006260-0-0.jpg.jpg,po0061280-0-0.jpg.jpg,po0006630-0-0.jpg.jpg,po0005820-0-0.jpg.jpg
17,po0064070-0-0.jpg,po0065120-0-0.jpg,po0065520-0-0.jpg.jpg,po0064340-0-0.jpg.jpg,po0066490-0-0.jpg.jpg,po0066000-0-0.jpg.jpg,po0063390-0-0.jpg.jpg,po0004530-0-0.jpg.jpg,po0067480-0-0.jpg.jpg,po0001720-0-0.jpg.jpg,po0019040-0-0.jpg.jpg,po0017500-0-0.jpg.jpg,po0020900-0-0.jpg.jpg,po0024140-0-0.jpg.jpg,po0020540-0-0.jpg.jpg,po0020780-0-0.jpg.jpg,po0009160-0-0.jpg.jpg,po0001100-0-0.jpg.jpg,po0009950-0-0.jpg.jpg,po0008060-0-0.jpg.jpg,po0008140-0-0.jpg.jpg,po0008160-0-0.jpg.jpg,po0011010-0-0.jpg.jpg,po0009500-0-0.jpg.jpg,po0004810-0-0.jpg.jpg,po0010190-0-0.jpg.jpg,po0007700-0-0.jpg.jpg,po0014460-0-0.jpg.jpg,po0055200-0-0.jpg.jpg,po0010550-0-0.jpg.jpg,po0014490-0-0.jpg.jpg,po0018160-0-0.jpg.jpg,po0014490-0-0.jpg.jpg,po0010970-0-0.jpg.jpg,po0010910-0-0.jpg.jpg,po0009780-0-0.jpg.jpg,po0061360-0-0.jpg.jpg,po0067420-0-0.jpg.jpg,po0006300-0-0.jpg.jpg,po0014010-0-0.jpg.jpg,po0023520-0-0.jpg.jpg,po0016670-0-0.jpg.jpg,po0012340-0-0.jpg.jpg,po0001940-0-0.jpg.jpg,po0007000-0-0.jpg.jpg,po0015450-0-0.jpg.jpg,po0000840-0-0.jpg.jpg,po0022770-0-0.jpg.jpg,po0022290-0-0.jpg.jpg,po0024270-0-0.jpg.jpg,po0056630-0-0.jpg.jpg,po0007340-0-0.jpg.jpg,po0000870-0-0.jpg.jpg,po0007190-0-0.jpg.jpg
18,po0065760-0-0.jpg,po0062930-0-0.jpg,po0001060-0-0.jpg.jpg,po0023910-0-0.jpg.jpg,po0063070-0-0.jpg.jpg,po0003640-0-0.jpg.jpg,po0003140-0-0.jpg.jpg,po0023850-0-0.jpg.jpg,po0062150-0-0.jpg.jpg,po0065680-0-0.jpg.jpg,po0019550-0-0.jpg.jpg,po0000230-0-0.jpg.jpg,po0020770-0-0.jpg.jpg,po0020320-0-0.jpg.jpg,po0020180-0-0.jpg.jpg,po0020600-0-0.jpg.jpg,po0024770-0-0.jpg.jpg,po0020630-0-0.jpg.jpg,po0001020-0-0.jpg.jpg,po0022570-0-0.jpg.jpg,po0011670-0-0.jpg.jpg,po0022090-0-0.jpg.jpg,po0020910-0-0.jpg.jpg,po0010710-0-0.jpg.jpg,po0010830-0-0.jpg.jpg,po0004140-0-0.jpg.jpg,po0011640-0-0.jpg.jpg,po0015710-0-0.jpg.jpg,po0014150-0-0.jpg.jpg,po0012680-0-0.jpg.jpg,po0003290-0-0.jpg.jpg,po0010990-0-0.jpg.jpg,po0011540-0-0.jpg.jpg,po0012590-0-0.jpg.jpg,po0009140-0-0.jpg.jpg,po0008770-0-0.jpg.jpg,po0021720-0-0.jpg.jpg,po0013250-0-0.jpg.jpg,po0011610-0-0.jpg.jpg,po0014050-0-0.jpg.jpg,po0004830-0-0.jpg.jpg,po0003280-0-0.jpg.jpg,po0013520-0-0.jpg.jpg,po0024680-0-0.jpg.jpg,po0014290-0-0.jpg.jpg,po0022850-0-0.jpg.jpg,po0000840-0-0.jpg.jpg,po0022900-0-0.jpg.jpg,po0002090-0-0.jpg.jpg,po0022690-0-0.jpg.jpg,po0007350-0-0.jpg.jpg,po0022320-0-0.jpg.jpg,po0007190-0-0.jpg.jpg,po0007290-0-0.jpg.jpg
19,po0067900-0-0.jpg,po0016230-0-0.jpg,po0024090-0-0.jpg.jpg,po0009030-0-0.jpg.jpg,po0065430-0-0.jpg.jpg,po0009110-0-0.jpg.jpg,po0018730-0-0.jpg.jpg,po0065840-0-0.jpg.jpg,po0018640-0-0.jpg.jpg,po0018070-0-0.jpg.jpg,po0018010-0-0.jpg.jpg,po0018060-0-0.jpg.jpg,po0019800-0-0.jpg.jpg,po0018200-0-0.jpg.jpg,po0020680-0-0.jpg.jpg,po0019910-0-0.jpg.jpg,po0020250-0-0.jpg.jpg,po0020800-0-0.jpg.jpg,po0020160-0-0.jpg.jpg,po0024430-0-0.jpg.jpg,po0020050-0-0.jpg.jpg,po0003620-0-0.jpg.jpg,po0000890-0-0.jpg.jpg,po0004750-0-0.jpg.jpg,po0019010-0-0.jpg.jpg,po0064080-0-0.jpg.jpg,po0003520-0-0.jpg.jpg,po0061380-0-0.jpg.jpg,po0004140-0-0.jpg.jpg,po0014300-0-0.jpg.jpg,po0065630-0-0.jpg.jpg,po0014500-0-0.jpg.jpg,po0011040-0-0.jpg.jpg,po0022360-0-0.jpg.jpg,po0011840-0-0.jpg.jpg,po0011620-0-0.jpg.jpg,po0018320-0-0.jpg.jpg,po0005720-0-0.jpg.jpg,po0006930-0-0.jpg.jpg,po0011500-0-0.jpg.jpg,po0024170-0-0.jpg.jpg,po0004900-0-0.jpg.jpg,po0004930-0-0.jpg.jpg,po0017790-0-0.jpg.jpg,po0012960-0-0.jpg.jpg,po0022540-0-0.jpg.jpg,po0001990-0-0.jpg.jpg,po0002740-0-0.jpg.jpg,po0022330-0-0.jpg.jpg,po0023010-0-0.jpg.jpg,po0001230-0-0.jpg.jpg,po0002090-0-0.jpg.jpg,po0017300-0-0.jpg.jpg,po0002920-0-0.jpg.jpg
20,po0040940-0-0.jpg,po0065370-0-0.jpg,po0065360-0-0.jpg.jpg,po0019150-0-0.jpg.jpg,po0063190-0-0.jpg.jpg,po0062070-0-0.jpg.jpg,po0023750-0-0.jpg.jpg,po0019250-0-0.jpg.jpg,po0014800-0-0.jpg.jpg,po0009750-0-0.jpg.jpg,po0019020-0-0.jpg.jpg,po0003600-0-0.jpg.jpg,po0018360-0-0.jpg.jpg,po0020870-0-0.jpg.jpg,po0020550-0-0.jpg.jpg,po0020790-0-0.jpg.jpg,po0019980-0-0.jpg.jpg,po0020000-0-0.jpg.jpg,po0020240-0-0.jpg.jpg,po0019240-0-0.jpg.jpg,po0019730-0-0.jpg.jpg,po0019940-0-0.jpg.jpg,po0062280-0-0.jpg.jpg,po0066390-0-0.jpg.jpg,po0009490-0-0.jpg.jpg,po0003730-0-0.jpg.jpg,po0016070-0-0.jpg.jpg,po0018320-0-0.jpg.jpg,po0008830-0-0.jpg.jpg,po0040480-0-0.jpg.jpg,po0064260-0-0.jpg.jpg,po0014520-0-0.jpg.jpg,po0000720-0-0.jpg.jpg,po0017340-0-0.jpg.jpg,po0011150-0-0.jpg.jpg,po0012080-0-0.jpg.jpg,po0008930-0-0.jpg.jpg,po0003500-0-0.jpg.jpg,po0007440-0-0.jpg.jpg,po0016630-0-0.jpg.jpg,po0016160-0-0.jpg.jpg,po0004690-0-0.jpg.jpg,po0018580-0-0.jpg.jpg,po0062930-0-0.jpg.jpg,po0021990-0-0.jpg.jpg,po0021860-0-0.jpg.jpg,po0006590-0-0.jpg.jpg,po0007990-0-0.jpg.jpg,po0020890-0-0.jpg.jpg,po0021750-0-0.jpg.jpg,po0008660-0-0.jpg.jpg,po0056270-0-0.jpg.jpg,po0002710-0-0.jpg.jpg,po0002730-0-0.jpg.jpg
21,po0066310-0-0.jpg,po0000670-0-0.jpg,po0014770-0-0.jpg.jpg,po0002990-0-0.jpg.jpg,po0065720-0-0.jpg.jpg,po0012040-0-0.jpg.jpg,po0066460-0-0.jpg.jpg,po0023570-0-0.jpg.jpg,po0021330-0-0.jpg.jpg,po0066350-0-0.jpg.jpg,po0063010-0-0.jpg.jpg,po0003120-0-0.jpg.jpg,po0016010-0-0.jpg.jpg,po0002910-0-0.jpg.jpg,po0020850-0-0.jpg.jpg,po0020620-0-0.jpg.jpg,po0020830-0-0.jpg.jpg,po0020700-0-0.jpg.jpg,po0019780-0-0.jpg.jpg,po0062060-0-0.jpg.jpg,po0014810-0-0.jpg.jpg,po0004110-0-0.jpg.jpg,po0005200-0-0.jpg.jpg,po0004180-0-0.jpg.jpg,po0015570-0-0.jpg.jpg,po0016250-0-0.jpg.jpg,po0064460-0-0.jpg.jpg,po0016430-0-0.jpg.jpg,po0009760-0-0.jpg.jpg,po0002110-0-0.jpg.jpg,po0000050-0-0.jpg.jpg,po0011310-0-0.jpg.jpg,po0000760-0-0.jpg.jpg,po0011650-0-0.jpg.jpg,po0004610-0-0.jpg.jpg,po0011100-0-0.jpg.jpg,po0013580-0-0.jpg.jpg,po0012350-0-0.jpg.jpg,po0003290-0-0.jpg.jpg,po0019960-0-0.jpg.jpg,po0014020-0-0.jpg.jpg,po0017200-0-0.jpg.jpg,po0001160-0-0.jpg.jpg,po0063140-0-0.jpg.jpg,po0021730-0-0.jpg.jpg,po0021860-0-0.jpg.jpg,po0007320-0-0.jpg.jpg,po0001150-0-0.jpg.jpg,po0005050-0-0.jpg.jpg,po0002010-0-0.jpg.jpg,po0001960-0-0.jpg.jpg,po0002780-0-0.jpg.jpg,po0002260-0-0.jpg.jpg,po0002720-0-0.jpg.jpg
22,po0024080-0-0.jpg,po0024930-0-0.jpg,po0019340-0-0.jpg.jpg,po0067430-0-0.jpg.jpg,po0018190-0-0.jpg.jpg,po0062040-0-0.jpg.jpg,po0009040-0-0.jpg.jpg,po0062610-0-0.jpg.jpg,po0067580-0-0.jpg.jpg,po0019180-0-0.jpg.jpg,po0023730-0-0.jpg.jpg,po0021940-0-0.jpg.jpg,po0004120-0-0.jpg.jpg,po0017240-0-0.jpg.jpg,po0020360-0-0.jpg.jpg,po0020740-0-0.jpg.jpg,po0020530-0-0.jpg.jpg,po0019870-0-0.jpg.jpg,po0020420-0-0.jpg.jpg,po0009000-0-0.jpg.jpg,po0020410-0-0.jpg.jpg,po0003170-0-0.jpg.jpg,po0016600-0-0.jpg.jpg,po0015940-0-0.jpg.jpg,po0003990-0-0.jpg.jpg,po0062530-0-0.jpg.jpg,po0024240-0-0.jpg.jpg,po0016190-0-0.jpg.jpg,po0011800-0-0.jpg.jpg,po0024030-0-0.jpg.jpg,po0008090-0-0.jpg.jpg,po0024750-0-0.jpg.jpg,po0015850-0-0.jpg.jpg,po0012710-0-0.jpg.jpg,po0011030-0-0.jpg.jpg,po0010250-0-0.jpg.jpg,po0020590-0-0.jpg.jpg,po0022820-0-0.jpg.jpg,po0020880-0-0.jpg.jpg,po0013430-0-0.jpg.jpg,po0021660-0-0.jpg.jpg,po0022720-0-0.jpg.jpg,po0011490-0-0.jpg.jpg,po0010240-0-0.jpg.jpg,po0067410-0-0.jpg.jpg,po0025370-0-0.jpg.jpg,po0021600-0-0.jpg.jpg,po0017490-0-0.jpg.jpg,po0001080-0-0.jpg.jpg,po0021000-0-0.jpg.jpg,po0001960-0-0.jpg.jpg,po0001030-0-0.jpg.jpg,po0014420-0-0.jpg.jpg,po0014420-0-0.jpg.jpg
23,po0001050-0-0.jpg,po0000060-0-0.jpg,po0024000-0-0.jpg.jpg,po0067520-0-0.jpg.jpg,po0062130-0-0.jpg.jpg,po0011320-0-0.jpg.jpg,po0018710-0-0.jpg.jpg,po0019360-0-0.jpg.jpg,po0064400-0-0.jpg.jpg,po0019100-0-0.jpg.jpg,po0018580-0-0.jpg.jpg,po0024110-0-0.jpg.jpg,po0016950-0-0.jpg.jpg,po0067550-0-0.jpg.jpg,po0007060-0-0.jpg.jpg,po0020030-0-0.jpg.jpg,po0020820-0-0.jpg.jpg,po0020210-0-0.jpg.jpg,po0065110-0-0.jpg.jpg,po0020260-0-0.jpg.jpg,po0020920-0-0.jpg.jpg,po0018120-0-0.jpg.jpg,po0016590-0-0.jpg.jpg,po0005740-0-0.jpg.jpg,po0003650-0-0.jpg.jpg,po0003760-0-0.jpg.jpg,po0024030-0-0.jpg.jpg,po0007880-0-0.jpg.jpg,po0003440-0-0.jpg.jpg,po0016830-0-0.jpg.jpg,po0008090-0-0.jpg.jpg,po0009230-0-0.jpg.jpg,po0022830-0-0.jpg.jpg,po0004610-0-0.jpg.jpg,po0024830-0-0.jpg.jpg,po0004630-0-0.jpg.jpg,po0020560-0-0.jpg.jpg,po0021820-0-0.jpg.jpg,po0002350-0-0.jpg.jpg,po0022660-0-0.jpg.jpg,po0009090-0-0.jpg.jpg,po0003580-0-0.jpg.jpg,po0010560-0-0.jpg.jpg,po0011400-0-0.jpg.jpg,po0011210-0-0.jpg.jpg,po0005800-0-0.jpg.jpg,po0021830-0-0.jpg.jpg,po0021850-0-0.jpg.jpg,po0006840-0-0.jpg.jpg,po0002680-0-0.jpg.jpg,po0002480-0-0.jpg.jpg,po0007770-0-0.jpg.jpg,po0010690-0-0.jpg.jpg,po0014320-0-0.jpg.jpg
24,po0017070-0-0.jpg,po0018240-0-0.jpg,po0014180-0-0.jpg.jpg,po0002970-0-0.jpg.jpg,po0003340-0-0.jpg.jpg,po0000330-0-0.jpg.jpg,po0065440-0-0.jpg.jpg,po0003130-0-0.jpg.jpg,po0018620-0-0.jpg.jpg,po0020570-0-0.jpg.jpg,po0002290-0-0.jpg.jpg,po0018030-0-0.jpg.jpg,po0019170-0-0.jpg.jpg,po0022720-0-0.jpg.jpg,po0006890-0-0.jpg.jpg,po0020890-0-0.jpg.jpg,po0020350-0-0.jpg.jpg,po0008620-0-0.jpg.jpg,po0022160-0-0.jpg.jpg,po0020070-0-0.jpg.jpg,po0008640-0-0.jpg.jpg,po0065970-0-0.jpg.jpg,po0026430-0-0.jpg.jpg,po0018330-0-0.jpg.jpg,po0025150-0-0.jpg.jpg,po0019350-0-0.jpg.jpg,po0016570-0-0.jpg.jpg,po0018130-0-0.jpg.jpg,po0003380-0-0.jpg.jpg,po0025080-0-0.jpg.jpg,po0008170-0-0.jpg.jpg,po0062110-0-0.jpg.jpg,po0008070-0-0.jpg.jpg,po0004100-0-0.jpg.jpg,po0010730-0-0.jpg.jpg,po0003810-0-0.jpg.jpg,po0016270-0-0.jpg.jpg,po0000350-0-0.jpg.jpg,po0003440-0-0.jpg.jpg,po0022390-0-0.jpg.jpg,po0000270-0-0.jpg.jpg,po0001050-0-0.jpg.jpg,po0011230-0-0.jpg.jpg,po0010780-0-0.jpg.jpg,po0006650-0-0.jpg.jpg,po0010330-0-0.jpg.jpg,po0017200-0-0.jpg.jpg,po0065180-0-0.jpg.jpg,po0021360-0-0.jpg.jpg,po0022240-0-0.jpg.jpg,po0011120-0-0.jpg.jpg,po0002000-0-0.jpg.jpg,po0006460-0-0.jpg.jpg,po0002690-0-0.jpg.jpg
25,po0010820-0-0.jpg,po0015260-0-0.jpg,po0023940-0-0.jpg.jpg,po0003500-0-0.jpg.jpg,po0005700-0-0.jpg.jpg,po0005930-0-0.jpg.jpg,po0005920-0-0.jpg.jpg,po0005730-0-0.jpg.jpg,po0018470-0-0.jpg.jpg,po0018460-0-0.jpg.jpg,po0011970-0-0.jpg.jpg,po0016460-0-0.jpg.jpg,po0024720-0-0.jpg.jpg,po0003420-0-0.jpg.jpg,po0015510-0-0.jpg.jpg,po0020220-0-0.jpg.jpg,po0020760-0-0.jpg.jpg,po0019970-0-0.jpg.jpg,po0020040-0-0.jpg.jpg,po0019640-0-0.jpg.jpg,po0020200-0-0.jpg.jpg,po0018310-0-0.jpg.jpg,po0017360-0-0.jpg.jpg,po0018260-0-0.jpg.jpg,po0017250-0-0.jpg.jpg,po0003320-0-0.jpg.jpg,po0015990-0-0.jpg.jpg,po0001770-0-0.jpg.jpg,po0009820-0-0.jpg.jpg,po0002370-0-0.jpg.jpg,po0018410-0-0.jpg.jpg,po0001070-0-0.jpg.jpg,po0008050-0-0.jpg.jpg,po0000110-0-0.jpg.jpg,po0003840-0-0.jpg.jpg,po0019970-0-0.jpg.jpg,po0019620-0-0.jpg.jpg,po0003360-0-0.jpg.jpg,po0022030-0-0.jpg.jpg,po0022190-0-0.jpg.jpg,po0022670-0-0.jpg.jpg,po0021180-0-0.jpg.jpg,po0021930-0-0.jpg.jpg,po0008790-0-0.jpg.jpg,po0009610-0-0.jpg.jpg,po0022710-0-0.jpg.jpg,po0010590-0-0.jpg.jpg,-1,-1,po0001130-0-0.jpg.jpg,po0024890-0-0.jpg.jpg,po0011680-0-0.jpg.jpg,po0010700-0-0.jpg.jpg,po0006990-0-0.jpg.jpg
26,po0008830-0-0.jpg,po0009780-0-0.jpg,po0019670-0-0.jpg.jpg,po0000600-0-0.jpg.jpg,po0006730-0-0.jpg.jpg,po0064480-0-0.jpg.jpg,po0006340-0-0.jpg.jpg,po0006480-0-0.jpg.jpg,po0018490-0-0.jpg.jpg,po0006270-0-0.jpg.jpg,po0019330-0-0.jpg.jpg,po0012010-0-0.jpg.jpg,po0018020-0-0.jpg.jpg,po0015500-0-0.jpg.jpg,po0001130-0-0.jpg.jpg,po0008460-0-0.jpg.jpg,po0067940-0-0.jpg.jpg,po0011260-0-0.jpg.jpg,po0004000-0-0.jpg.jpg,po0020330-0-0.jpg.jpg,po0003260-0-0.jpg.jpg,po0001780-0-0.jpg.jpg,po0016560-0-0.jpg.jpg,po0024040-0-0.jpg.jpg,po0024450-0-0.jpg.jpg,po0024590-0-0.jpg.jpg,po0019610-0-0.jpg.jpg,po0066660-0-0.jpg.jpg,po0025100-0-0.jpg.jpg,po0062840-0-0.jpg.jpg,po0008630-0-0.jpg.jpg,po0008020-0-0.jpg.jpg,po0000020-0-0.jpg.jpg,po0003950-0-0.jpg.jpg,po0003330-0-0.jpg.jpg,po0016310-0-0.jpg.jpg,po0016020-0-0.jpg.jpg,po0003360-0-0.jpg.jpg,po0022860-0-0.jpg.jpg,po0020960-0-0.jpg.jpg,po0022640-0-0.jpg.jpg,po0020850-0-0.jpg.jpg,po0024050-0-0.jpg.jpg,po0061310-0-0.jpg.jpg,po0010530-0-0.jpg.jpg,po0022710-0-0.jpg.jpg,po0002700-0-0.jpg.jpg,po0002700-0-0.jpg.jpg,po0011080-0-0.jpg.jpg,po0014440-0-0.jpg.jpg,po0022140-0-0.jpg.jpg,po0022440-0-0.jpg.jpg,po0056030-0-0.jpg.jpg,po0014480-0-0.jpg.jpg
27,po0003410-0-0.jpg,po0016300-0-0.jpg,po0024800-0-0.jpg.jpg,po0006810-0-0.jpg.jpg,po0006450-0-0.jpg.jpg,po0006250-0-0.jpg.jpg,po0005690-0-0.jpg.jpg,po0003370-0-0.jpg.jpg,po0066810-0-0.jpg.jpg,po0006500-0-0.jpg.jpg,po0014250-0-0.jpg.jpg,po0024990-0-0.jpg.jpg,po0018210-0-0.jpg.jpg,po0067450-0-0.jpg.jpg,po0003160-0-0.jpg.jpg,po0001390-0-0.jpg.jpg,po0000930-0-0.jpg.jpg,po0020930-0-0.jpg.jpg,po0019750-0-0.jpg.jpg,po0020310-0-0.jpg.jpg,po0019880-0-0.jpg.jpg,po0064110-0-0.jpg.jpg,po0016310-0-0.jpg.jpg,po0009130-0-0.jpg.jpg,po0016330-0-0.jpg.jpg,po0012880-0-0.jpg.jpg,po0014070-0-0.jpg.jpg,po0023690-0-0.jpg.jpg,po0023780-0-0.jpg.jpg,po0013420-0-0.jpg.jpg,po0005230-0-0.jpg.jpg,po0060220-0-0.jpg.jpg,po0024460-0-0.jpg.jpg,po0003910-0-0.jpg.jpg,po0019770-0-0.jpg.jpg,po0064370-0-0.jpg.jpg,po0020860-0-0.jpg.jpg,po0020610-0-0.jpg.jpg,po0005370-0-0.jpg.jpg,po0020150-0-0.jpg.jpg,po0024690-0-0.jpg.jpg,po0014150-0-0.jpg.jpg,po0064560-0-0.jpg.jpg,po0023780-0-0.jpg.jpg,po0011850-0-0.jpg.jpg,-1,-1,po0012090-0-0.jpg.jpg,po0062870-0-0.jpg.jpg,po0063770-0-0.jpg.jpg,po0023040-0-0.jpg.jpg,po0022920-0-0.jpg.jpg,po0022920-0-0.jpg.jpg,po0064510-0-0.jpg.jpg
28,po0016420-0-0.jpg,po0064620-0-0.jpg,po0066500-0-0.jpg.jpg,po0006760-0-0.jpg.jpg,po0006370-0-0.jpg.jpg,po0006530-0-0.jpg.jpg,po0006170-0-0.jpg.jpg,po0007940-0-0.jpg.jpg,po0006740-0-0.jpg.jpg,po0006580-0-0.jpg.jpg,po0067890-0-0.jpg.jpg,po0018350-0-0.jpg.jpg,po0002960-0-0.jpg.jpg,po0067460-0-0.jpg.jpg,po0016040-0-0.jpg.jpg,po0016100-0-0.jpg.jpg,po0024790-0-0.jpg.jpg,po0015950-0-0.jpg.jpg,po0018560-0-0.jpg.jpg,po0010230-0-0.jpg.jpg,po0005390-0-0.jpg.jpg,po0019930-0-0.jpg.jpg,po0020510-0-0.jpg.jpg,po0064560-0-0.jpg.jpg,po0062670-0-0.jpg.jpg,po0024900-0-0.jpg.jpg,po006519-00010-0-0.jpg.jpg,po0022400-0-0.jpg.jpg,po0002310-0-0.jpg.jpg,po0018720-0-0.jpg.jpg,po0008180-0-0.jpg.jpg,po0063810-0-0.jpg.jpg,po0003400-0-0.jpg.jpg,po0004630-0-0.jpg.jpg,po0001110-0-0.jpg.jpg,po0017860-0-0.jpg.jpg,po0020230-0-0.jpg.jpg,po0020560-0-0.jpg.jpg,po0020810-0-0.jpg.jpg,po0014540-0-0.jpg.jpg,po0041290-0-0.jpg.jpg,po0007960-0-0.jpg.jpg,po0001200-0-0.jpg.jpg,po0015080-0-0.jpg.jpg,po0060470-0-0.jpg.jpg,po0020470-0-0.jpg.jpg,po0024480-0-0.jpg.jpg,po0010380-0-0.jpg.jpg,-1,po0011190-0-0.jpg.jpg,po0024200-0-0.jpg.jpg,po0022940-0-0.jpg.jpg,po0019790-0-0.jpg.jpg,po0022800-0-0.jpg.jpg
29,po0064080-0-0.jpg,po0024060-0-0.jpg,po0003110-0-0.jpg.jpg,po0006280-0-0.jpg.jpg,po0005710-0-0.jpg.jpg,po0006430-0-0.jpg.jpg,po0006030-0-0.jpg.jpg,po0006640-0-0.jpg.jpg,po0006120-0-0.jpg.jpg,po0005980-0-0.jpg.jpg,po0006400-0-0.jpg.jpg,po0003150-0-0.jpg.jpg,po0064030-0-0.jpg.jpg,po0000010-0-0.jpg.jpg,po0062990-0-0.jpg.jpg,po0007610-0-0.jpg.jpg,po0018220-0-0.jpg.jpg,po0006110-0-0.jpg.jpg,po0005940-0-0.jpg.jpg,po0011020-0-0.jpg.jpg,po0020840-0-0.jpg.jpg,po0005330-0-0.jpg.jpg,po0018180-0-0.jpg.jpg,po0019830-0-0.jpg.jpg,po0015970-0-0.jpg.jpg,po0024560-0-0.jpg.jpg,po0023710-0-0.jpg.jpg,po0023830-0-0.jpg.jpg,po0009530-0-0.jpg.jpg,po0025050-0-0.jpg.jpg,po0056660-0-0.jpg.jpg,po0014790-0-0.jpg.jpg,po0020290-0-0.jpg.jpg,po0016660-0-0.jpg.jpg,po0024310-0-0.jpg.jpg,po0019890-0-0.jpg.jpg,po0020880-0-0.jpg.jpg,po0020710-0-0.jpg.jpg,po0016900-0-0.jpg.jpg,po0024580-0-0.jpg.jpg,po0016940-0-0.jpg.jpg,po0024230-0-0.jpg.jpg,po0024220-0-0.jpg.jpg,po0023770-0-0.jpg.jpg,po0017330-0-0.jpg.jpg,po0010440-0-0.jpg.jpg,po0012050-0-0.jpg.jpg,po0004930-0-0.jpg.jpg,po0022650-0-0.jpg.jpg,po0017570-0-0.jpg.jpg,po0017940-0-0.jpg.jpg,po0067010-0-0.jpg.jpg,po0014550-0-0.jpg.jpg,po0017700-0-0.jpg.jpg
30,po0014200-0-0.jpg,po0014210-0-0.jpg,po0014260-0-0.jpg.jpg,po0006040-0-0.jpg.jpg,po0005790-0-0.jpg.jpg,po0006100-0-0.jpg.jpg,po0007950-0-0.jpg.jpg,po0005990-0-0.jpg.jpg,po0005100-0-0.jpg.jpg,po0006490-0-0.jpg.jpg,po0005850-0-0.jpg.jpg,po0064530-0-0.jpg.jpg,po0065280-0-0.jpg.jpg,po0010840-0-0.jpg.jpg,po0019400-0-0.jpg.jpg,po0003470-0-0.jpg.jpg,po0016280-0-0.jpg.jpg,po0008800-0-0.jpg.jpg,po0005380-0-0.jpg.jpg,po0005910-0-0.jpg.jpg,po0019810-0-0.jpg.jpg,po0016320-0-0.jpg.jpg,po0023990-0-0.jpg.jpg,po0018000-0-0.jpg.jpg,po0005070-0-0.jpg.jpg,po0024480-0-0.jpg.jpg,po0004840-0-0.jpg.jpg,po0011300-0-0.jpg.jpg,po0002240-0-0.jpg.jpg,po0025040-0-0.jpg.jpg,po0003510-0-0.jpg.jpg,po0014160-0-0.jpg.jpg,po0003010-0-0.jpg.jpg,po0004580-0-0.jpg.jpg,po0018090-0-0.jpg.jpg,po0066250-0-0.jpg.jpg,po0019900-0-0.jpg.jpg,po0019860-0-0.jpg.jpg,po0019990-0-0.jpg.jpg,po0020120-0-0.jpg.jpg,po0019780-0-0.jpg.jpg,po0023720-0-0.jpg.jpg,po0003240-0-0.jpg.jpg,po0064620-0-0.jpg.jpg,po0061660-0-0.jpg.jpg,po0014270-0-0.jpg.jpg,po0023500-0-0.jpg.jpg,po0067090-0-0.jpg.jpg,po0016770-0-0.jpg.jpg,po0016770-0-0.jpg.jpg,po0066870-0-0.jpg.jpg,po0019050-0-0.jpg.jpg,po0017100-0-0.jpg.jpg,po0017140-0-0.jpg.jpg
31,po0014230-0-0.jpg,po0017570-0-0.jpg,po0061800-0-0.jpg.jpg,po0017470-0-0.jpg.jpg,po0006510-0-0.jpg.jpg,po0006210-0-0.jpg.jpg,po0005900-0-0.jpg.jpg,po0006090-0-0.jpg.jpg,po0006080-0-0.jpg.jpg,po0066280-0-0.jpg.jpg,po0025250-0-0.jpg.jpg,po0066230-0-0.jpg.jpg,po0009910-0-0.jpg.jpg,po0065420-0-0.jpg.jpg,po0063840-0-0.jpg.jpg,po0062940-0-0.jpg.jpg,po0014380-0-0.jpg.jpg,po0018300-0-0.jpg.jpg,po0018100-0-0.jpg.jpg,po0015550-0-0.jpg.jpg,po0025390-0-0.jpg.jpg,po0016340-0-0.jpg.jpg,po0024540-0-0.jpg.jpg,po0017460-0-0.jpg.jpg,po0008980-0-0.jpg.jpg,po0016050-0-0.jpg.jpg,po0062320-0-0.jpg.jpg,po0003300-0-0.jpg.jpg,po0012170-0-0.jpg.jpg,po0024180-0-0.jpg.jpg,po0016200-0-0.jpg.jpg,po0016470-0-0.jpg.jpg,po0008670-0-0.jpg.jpg,po0000180-0-0.jpg.jpg,po0018150-0-0.jpg.jpg,po0018340-0-0.jpg.jpg,po0020280-0-0.jpg.jpg,po0019690-0-0.jpg.jpg,po0022080-0-0.jpg.jpg,po0019920-0-0.jpg.jpg,po0020170-0-0.jpg.jpg,po0003070-0-0.jpg.jpg,po0019530-0-0.jpg.jpg,po0024190-0-0.jpg.jpg,po0022500-0-0.jpg.jpg,po0018330-0-0.jpg.jpg,po0022910-0-0.jpg.jpg,po0016050-0-0.jpg.jpg,po0016780-0-0.jpg.jpg,po0016760-0-0.jpg.jpg,po0014530-0-0.jpg.jpg,po0017130-0-0.jpg.jpg,po0066460-0-0.jpg.jpg,po0017120-0-0.jpg.jpg
32,po0017530-0-0.jpg,po0017550-0-0.jpg,po0014220-0-0.jpg.jpg,po0019520-0-0.jpg.jpg,po0019510-0-0.jpg.jpg,po0019320-0-0.jpg.jpg,po0006140-0-0.jpg.jpg,po0005780-0-0.jpg.jpg,po0006780-0-0.jpg.jpg,po0066320-0-0.jpg.jpg,po0066560-0-0.jpg.jpg,po0025240-0-0.jpg.jpg,po0001220-0-0.jpg.jpg,po0025320-0-0.jpg.jpg,po0000620-0-0.jpg.jpg,po0062110-0-0.jpg.jpg,po0016550-0-0.jpg.jpg,po0016440-0-0.jpg.jpg,po0004690-0-0.jpg.jpg,po0018400-0-0.jpg.jpg,po0020190-0-0.jpg.jpg,po0020580-0-0.jpg.jpg,po0022430-0-0.jpg.jpg,po0020750-0-0.jpg.jpg,po0020520-0-0.jpg.jpg,po0016420-0-0.jpg.jpg,po0005250-0-0.jpg.jpg,po0000340-0-0.jpg.jpg,po0004870-0-0.jpg.jpg,po0009420-0-0.jpg.jpg,po0008560-0-0.jpg.jpg,po0008570-0-0.jpg.jpg,po0000920-0-0.jpg.jpg,po0024850-0-0.jpg.jpg,po0016480-0-0.jpg.jpg,po0061310-0-0.jpg.jpg,po0008850-0-0.jpg.jpg,po0020010-0-0.jpg.jpg,po0020060-0-0.jpg.jpg,po0019950-0-0.jpg.jpg,po0020100-0-0.jpg.jpg,po0024340-0-0.jpg.jpg,po0016530-0-0.jpg.jpg,po0004180-0-0.jpg.jpg,po0005040-0-0.jpg.jpg,po0016110-0-0.jpg.jpg,po0024700-0-0.jpg.jpg,po0066610-0-0.jpg.jpg,po0016790-0-0.jpg.jpg,po0014370-0-0.jpg.jpg,po0005530-0-0.jpg.jpg,po0015810-0-0.jpg.jpg,po0005890-0-0.jpg.jpg,po0023880-0-0.jpg.jpg
33,po0017560-0-0.jpg,po0017490-0-0.jpg,po0017510-0-0.jpg.jpg,po0019370-0-0.jpg.jpg,po0019390-0-0.jpg.jpg,po0006130-0-0.jpg.jpg,po0006380-0-0.jpg.jpg,po0005630-0-0.jpg.jpg,po0005770-0-0.jpg.jpg,po0000980-0-0.jpg.jpg,po0025310-0-0.jpg.jpg,po0066200-0-0.jpg.jpg,po0065330-0-0.jpg.jpg,po0025220-0-0.jpg.jpg,po0023580-0-0.jpg.jpg,po0018140-0-0.jpg.jpg,po0024490-0-0.jpg.jpg,po0016540-0-0.jpg.jpg,po0018110-0-0.jpg.jpg,po0016490-0-0.jpg.jpg,po0014020-0-0.jpg.jpg,po0067930-0-0.jpg.jpg,po0018050-0-0.jpg.jpg,po0020270-0-0.jpg.jpg,po0066250-0-0.jpg.jpg,po0066100-0-0.jpg.jpg,po0011250-0-0.jpg.jpg,po0012020-0-0.jpg.jpg,po0012000-0-0.jpg.jpg,po0022910-0-0.jpg.jpg,po0000250-0-0.jpg.jpg,po0066240-0-0.jpg.jpg,po0016410-0-0.jpg.jpg,po0066300-0-0.jpg.jpg,po0022250-0-0.jpg.jpg,po0014110-0-0.jpg.jpg,po0020680-0-0.jpg.jpg,po0020960-0-0.jpg.jpg,po0020020-0-0.jpg.jpg,po0020110-0-0.jpg.jpg,po0067540-0-0.jpg.jpg,po0024250-0-0.jpg.jpg,po0010980-0-0.jpg.jpg,po0024510-0-0.jpg.jpg,po0060960-0-0.jpg.jpg,po0019310-0-0.jpg.jpg,po0004920-0-0.jpg.jpg,po0004910-0-0.jpg.jpg,po0004910-0-0.jpg.jpg,po0004300-0-0.jpg.jpg,po0007940-0-0.jpg.jpg,po0007200-0-0.jpg.jpg,po0017110-0-0.jpg.jpg,po0017090-0-0.jpg.jpg